"pair_id","revision_id","entity_id","entity_label","value_id","property_id","change_target","property_label","old_value","old_value_label","new_value","new_value_label","datatype","action","target","comment","timestamp","label","username"
1,"212700431","138760","10 Upper Bank Street","Q138760$78F24304-4F71-45E9-9B7F-9391D92AA39F","276","","location","{}",NULL,"""Q124377""","Canary Wharf","wikibase-entityid","CREATE","PROPERTY","/* wbeditentity-update:0| */ move claim [[Property:P1134]] -> [[Property:P276]]","2015-04-25 06:23:38+00","property_replacement","PLbot"
1,"212700431","138760","10 Upper Bank Street","Q138760$46ADB852-2EEF-4070-9386-62C9F7294DD9","1134","","located in place","""Q124377""","Canary Wharf","{}","","","DELETE","PROPERTY","/* wbeditentity-update:0| */ move claim [[Property:P1134]] -> [[Property:P276]]","2015-04-25 06:23:38+00","property_replacement","PLbot"
2,"180530407","8138","1928 Summer Olympics","Q8138$447d61ee-49e7-7d86-7ecb-04fd684dae4e","766","","event location","""Q503319""","Olympic Stadium in Amsterdam","{}","","","DELETE","PROPERTY","/* wbremoveclaims-remove:1| */ [[Property:P766]]: [[Q503319]]","2014-12-12 19:36:58+00","property_replacement","Dexbot"
2,"180528050","8138","1928 Summer Olympics","Q8138$DAC054D0-2117-4F64-B63B-1BE724FE21BB","276","","location","{}","","""Q503319""","Olympic Stadium in Amsterdam","wikibase-entityid","CREATE","PROPERTY","/* wbcreateclaim-create:1| */ [[Property:P276]]: [[Q503319]]","2014-12-12 19:25:38+00","property_replacement","Dexbot"
3,"116175302","276667","1956 South Korean presidential election","Q276667$b4bc1b3a-4402-6a78-65ae-ca504caf4856","173","","type of election","""Q1196727""","direct election","{}","","wikibase-entityid","DELETE","PROPERTY_VALUE","/* wbremoveclaims-remove:1| */ [[Property:P173]]: [[Q1196727]]","2014-03-14 12:45:08+00","non_property_replacement","Jakec"
3,"116175288","276667","1956 South Korean presidential election","Q276667$fd788541-49bb-baf3-2938-11ead89384a2","31","","instance of","{}","","""Q858439""","presidential election","wikibase-entityid","CREATE","PROPERTY_VALUE","/* wbsetclaim-create:1||1 */ [[Property:P31]]: [[Q858439]]","2014-03-14 12:45:04+00","non_property_replacement","Jakec"
4,"142682854","334647","1981 South Korean presidential election","Q334647$A3B77F4E-3E84-41EE-B501-312AE7346A8D","31","","instance of","{}","","""Q877353""","indirect election","wikibase-entityid","CREATE","PROPERTY_VALUE","/* wbcreateclaim-create:1| */ [[Property:P31]]: [[Q877353]]","2014-07-05 20:18:06+00","property_replacement","Pasleim"
4,"142682822","334647","1981 South Korean presidential election","Q334647$1d9fb768-4ccd-f37e-e98f-64b22d588ebb","173","","type of election","""Q877353""","indirect election","{}","","","DELETE","PROPERTY","/* wbremoveclaims-remove:1| */ [[Property:P173]]: [[Q877353]]","2014-07-05 20:17:54+00","property_replacement","Pasleim"
5,"142682764","334745","1987 South Korean presidential election","Q334745$C2516224-CE58-4116-A249-F359B2232C19","31","","instance of","{}","","""Q1196727""","direct election","wikibase-entityid","CREATE","PROPERTY_VALUE","/* wbcreateclaim-create:1| */ [[Property:P31]]: [[Q1196727]]","2014-07-05 20:17:29+00","property_replacement","Pasleim"
5,"142682737","334745","1987 South Korean presidential election","Q334745$dadcb2fd-49c6-f1ae-c3a0-1b0841847243","173","","type of election","""Q1196727""","direct election","{}","","","DELETE","PROPERTY","/* wbremoveclaims-remove:1| */ [[Property:P173]]: [[Q1196727]]","2014-07-05 20:17:18+00","property_replacement","Pasleim"
6,"180528105","8544","2000 Summer Olympics","Q8544$6A01EA03-2932-439D-AB11-C6EF4989B922","276","","location","{}","","""Q295886""","Accor Stadium","wikibase-entityid","CREATE","PROPERTY","/* wbcreateclaim-create:1| */ [[Property:P276]]: [[Q295886]]","2014-12-12 19:25:53+00","property_replacement","Dexbot"
6,"180530476","8544","2000 Summer Olympics","Q8544$cc386016-45b2-2e07-3297-7aa1ee9154d2","766","","event location","""Q295886""","Accor Stadium","{}","","","DELETE","PROPERTY","/* wbremoveclaims-remove:1| */ [[Property:P766]]: [[Q295886]]","2014-12-12 19:37:11+00","property_replacement","Dexbot"
7,"116174852","221057","2006 Finnish presidential election","Q221057$98AB2EDB-9364-493E-B084-A20E2A9B3A1E","173","","type of election","""Q858439""","presidential election","{}","","","DELETE","PROPERTY","/* wbremoveclaims-remove:1| */ [[Property:P173]]: [[Q858439]]","2014-03-14 12:41:58+00","property_replacement","Jakec"
7,"116174892","221057","2006 Finnish presidential election","Q221057$11940a1c-46c7-7598-96b3-2005a23e8b2b","31","","instance of","{}","","""Q858439""","presidential election","wikibase-entityid","CREATE","PROPERTY","/* wbsetclaim-create:1||1 */ [[Property:P31]]: [[Q858439]]","2014-03-14 12:42:13+00","property_replacement","Jakec"
8,"5909675","155571","(5611) 1943 DL","q155571$9733C49B-7B32-410C-B431-CE926CAEBD5C","31","","instance of","{}","","""Q3863""","asteroid","wikibase-entityid","CREATE","PROPERTY","","2013-02-06 16:25:22+00","property_replacement","Art-top"
8,"5826317","155571","(5611) 1943 DL","q155571$F4BCDE53-F647-47D8-9552-5E2684EAA478","60","","astronomical object","""Q3863""","asteroid","{}","","","DELETE","PROPERTY","","2013-02-05 18:52:46+00","property_replacement","Stryn"
9,"6042533","7259","Ada Lovelace","q7259$1EF994ED-8509-49B3-8E16-52CEEB78F00A","31","","instance of","""Q215627""","person","{}","","wikibase-entityid","DELETE","PROPERTY_VALUE","","2013-02-08 12:08:53+00","property_replacement",""
9,"6771655","7259","Ada Lovelace","q7259$FEE5069C-DF8E-4355-A973-2B0B8BC339A8","107","","Main type of item (entity)","{}","","""Q215627""","person","wikibase-entityid","CREATE","PROPERTY","","2013-02-17 11:01:36+00","property_replacement","Jon Harald Søby"
10,"7602495","11959","Alicante","q11959$E9759A63-D7B8-4255-A6B3-E6839BAF962F","131","","located in the administrative territorial entity","{}","","""Q54936""","Province of Alicante","wikibase-entityid","CREATE","PROPERTY","/* wbcreateclaim:1 */ p131","2013-02-24 16:09:16+00","non_property_replacement","Magnus Manske"
10,"7602539","11959","Alicante","q11959$7D01FBD3-6A94-4B02-B300-43213BA32F3A","32","","region","""Q5720""","Valencian Community","{}","","","DELETE","PROPERTY","/* wbremoveclaims:1 */","2013-02-24 16:09:25+00","non_property_replacement","Magnus Manske"
11,"7602507","11959","Alicante","q11959$71EDF88C-5755-4D29-8B3F-5EC721F3EE58","12","","province","""Q54936""","Province of Alicante","{}","","","DELETE","PROPERTY","/* wbremoveclaims:1 */","2013-02-24 16:09:19+00","property_replacement","Magnus Manske"
11,"7602522","11959","Alicante","q11959$94170C20-3323-4AFF-955F-E5754F507220","131","","located in the administrative territorial entity","{}","","""Q5720""","Valencian Community","wikibase-entityid","CREATE","PROPERTY_VALUE","/* wbcreateclaim:1 */ p131","2013-02-24 16:09:22+00","property_replacement","Magnus Manske"
12,"209977696","123855","Älvdalen Municipality","q123855$d504bcc1-42aa-b3ca-63ec-d67ae863646c","743","","short name","""Älvdalen""","","{}","","","DELETE","PROPERTY","/* wbeditentity-update:0| */ Bot: Replace short name with [[Property:P1813]]","2015-04-11 05:40:07+00","property_replacement","JWbot"
12,"209977696","123855","Älvdalen Municipality","Q123855$BE707AAB-BE08-467C-8540-4B506C9AF9EE","1813","","short name","{}","","""Älvdalen""","","monolingualtext","CREATE","PROPERTY","/* wbeditentity-update:0| */ Bot: Replace short name with [[Property:P1813]]","2015-04-11 05:40:07+00","property_replacement","JWbot"
13,"726744029","183458","Andrea del Verrocchio","Q183458$1A42678D-E96F-4DE3-A878-624B941D06E1","1962","","patron","""Q170022""","House of Medici","{}","","","DELETE","PROPERTY","/* wbremoveclaims-remove:1| */ [[Property:P1962]]: [[Q170022]], перемещено в / moved to [[Property:P859]], см. / see [[Template:Autofix|autofix]] на / on [[Property talk:P1962]]","2018-08-16 00:19:05+00","property_replacement","KrBot"
13,"726744012","183458","Andrea del Verrocchio","Q183458$D4CF6DEA-BF2F-4A58-8B3F-26738B4B72D3","859","","sponsor","{}","","""Q170022""","House of Medici","wikibase-entityid","CREATE","PROPERTY","/* wbcreateclaim-create:1| */ [[Property:P859]]: [[Q170022]]","2018-08-16 00:19:02+00","property_replacement","KrBot"
14,"142669620","219630","Arkadź Smolič","Q219630$2c8f1231-43cb-230a-e253-b9924e3fbe7a","937","","work location","{}","","""Q3917343""","Belarusian Gymnasium of Vilnia","wikibase-entityid","CREATE","PROPERTY_VALUE","/* wbsetclaim-create:2||1 */ [[Property:P937]]: [[Q3917343]]","2014-07-05 18:45:12+00","property_replacement","Pasleim"
14,"142669647","219630","Arkadź Smolič","Q219630$dec96672-4ad5-f7e0-3c32-f20ff177c294","1298","","workplace","""Q3917343""","Belarusian Gymnasium of Vilnia","{}","","","DELETE","PROPERTY","/* wbremoveclaims-remove:1| */ [[Property:P1298]]: [[Q3917343]]","2014-07-05 18:45:22+00","property_replacement","Pasleim"
15,"210184290","121982","Astute-class submarine","Q121982$390A1A5A-B238-4326-80FA-C5A503C30D6E","1813","","short name","{}","","""Astute""","","monolingualtext","CREATE","PROPERTY","/* wbcreateclaim-create:1| */ [[Property:P1813]]: Astute","2015-04-11 19:54:29+00","property_replacement","Laddo"
15,"210185459","121982","Astute-class submarine","Q121982$B4C7312F-AFA3-43BB-800B-146C35869A62","743","","short name","""Astute""","","{}","","","DELETE","PROPERTY","/* wbremoveclaims-remove:1| */ [[Property:P743]]: Astute","2015-04-11 19:59:51+00","property_replacement","Laddo"
16,"142413050","381418","Augustinas Voldemaras","Q381418$0E263E55-3F65-4F4B-9D89-D7F29FE7F996","937","","work location","{}","","""Q2031051""","Perm State University","wikibase-entityid","CREATE","PROPERTY","/* wbcreateclaim-create:1| */ [[Property:P937]]: [[Q2031051]]","2014-07-04 04:28:38+00","property_replacement","Pasleim"
16,"142413037","381418","Augustinas Voldemaras","Q381418$F71321C1-FD5F-4D6C-BB39-438F74B3856B","1298","","workplace","""Q2031051""","Perm State University","{}","","","DELETE","PROPERTY","/* wbremoveclaims-remove:1| */ [[Property:P1298]]: [[Q2031051]]","2014-07-04 04:28:26+00","property_replacement","Pasleim"
17,"46069906","40","Austria","q40$D12C59A3-BBAE-4219-96FE-D544754676FB","46","","head of national government","""Q53282""","Werner Faymann","{}","","","DELETE","PROPERTY","/* wbremoveclaims-remove:1||1 */ [[Property:P46]]: [[Q53282]]","2013-05-24 19:17:18+00","property_replacement","Sven Manguard"
18,"31281429","40","Austria","q40$784CD01F-2398-4FA1-AF75-9BD30DD7734D","31","","instance of","""Q185441""","member state of the European Union","{}","","wikibase-entityid","DELETE","PROPERTY_VALUE","/* wbremoveclaims-remove:1||1 */ [[Property:P31]]: [[Q185441]]","2013-04-26 12:03:40+00","property_replacement","Zolo"
18,"31281475","40","Austria","q40$4f8ba17a-49b6-ea86-d183-2d5b5f8787d4","463","","member of","{}","","""Q458""","European Union","wikibase-entityid","CREATE","PROPERTY","","2013-04-26 12:04:18+00","property_replacement","Zolo"
17,"46069973","40","Austria","q40$3db46b9d-4524-c18b-89f8-c8f792e0a435","6","","head of government","{}","","""Q53282""","Werner Faymann","wikibase-entityid","CREATE","PROPERTY","/* wbsetclaim-create:1||1 */ [[Property:P6]]: [[Q53282]]","2013-05-24 19:17:29+00","property_replacement","Sven Manguard"
19,"7582337","54333","Bad Aibling Station","q54333$9403CB08-3705-48DF-97EB-E0D009F1900C","131","","located in the administrative territorial entity","{}","","""Q5758""","Bad Aibling","wikibase-entityid","CREATE","PROPERTY","/* wbcreateclaim:1 */ p131","2013-02-24 13:00:59+00","property_replacement","Magnus Manske"
19,"7582346","54333","Bad Aibling Station","q54333$E336C5F4-F9B8-487F-9C09-C9E79CEC100C","33","","settlement","""Q5758""","Bad Aibling","{}","","","DELETE","PROPERTY","/* wbremoveclaims:1 */","2013-02-24 13:01:04+00","property_replacement","Magnus Manske"
20,"414104455","76","Barack Obama","Q76$81781b7a-47cb-2557-a06e-5dc394ad756e","3373","","sibling","{}","","""Q20895102""","Malik Obama","wikibase-entityid","CREATE","PROPERTY_VALUE","/* wbsetclaim-create:2||1 */ [[Property:P3373]]: [[Q20895102]]","2016-12-05 18:06:54+00","property_replacement","Robin van der Vliet"
20,"414104508","76","Barack Obama","Q76$782CB329-14DF-4FD5-9619-80D036EA64EC","7","","brother","""Q15982167""","Malik Obama","{}","","wikibase-entityid","DELETE","PROPERTY_VALUE","/* wbremoveclaims-remove:1| */ [[Property:P7]]: [[Q15982167]]","2016-12-05 18:07:13+00","property_replacement","Robin van der Vliet"
21,"5833865","76","Barack Obama","q76$46ED1F0E-8D01-4074-98E6-6618D669A3AE","90","","high school","""Q49088""","Columbia University","{}","","wikibase-entityid","DELETE","PROPERTY_VALUE","","2013-02-05 21:16:52+00","property_replacement","Jdforrester"
21,"5833722","76","Barack Obama","q76$B7780A59-0C13-4566-A417-B31668F24773","69","","educated at","{}","","""Q49088""","Columbia University","wikibase-entityid","CREATE","PROPERTY_VALUE","","2013-02-05 21:15:49+00","property_replacement","Jdforrester"
22,"160245030","76","Barack Obama","Q76$b1218293-4701-b6be-0f3e-2b721872ed4f","1477","","birth name","{}","","""Barack Hussein Obama II""","","monolingualtext","CREATE","PROPERTY","/* wbsetclaim-create:2||1 */ [[Property:P1477]]: Barack Hussein Obama II","2014-09-28 09:44:59+00","property_replacement","DGtal"
22,"160245190","76","Barack Obama","q76$ff4cdc89-40cd-975c-7d13-f1032afa7613","513","","birth name","""Barack Hussein Obama II""","","{}","","","DELETE","PROPERTY","/* wbremoveclaims-remove:1| */ [[Property:P513]]: Barack Hussein Obama II","2014-09-28 09:45:55+00","property_replacement","DGtal"
23,"5987231","533","Betta channoides","q533$99A58201-6A3D-445D-9290-E4E6F2369633","31","","instance of","""Q4164940""","Betta","{}","","","DELETE","PROPERTY","","2013-02-07 19:36:14+00","property_replacement","Soulkeeper"
23,"5987235","533","Betta channoides","q533$B4F0D8A6-4CF2-455F-B49E-C84226545753","74","","genus","{}","","""Q4164940""","Betta","wikibase-entityid","CREATE","PROPERTY","","2013-02-07 19:36:19+00","property_replacement","Soulkeeper"
24,"332854709","156203","Bild","Q156203$63878dad-421d-bcb5-b722-df508e627320","1476","","title","{}","","""Bild""","","monolingualtext","CREATE","PROPERTY","/* wbsetclaim-create:2||1 */ [[Property:P1476]]: Bild","2016-05-06 20:49:19+00","property_replacement","Srittau"
24,"332854556","156203","Bild","Q156203$E1B102F7-EE5F-485B-BF48-72E495E7D679","357","","title","""Bild""","","{}","","","DELETE","PROPERTY","/* wbremoveclaims-remove:1| */ [[Property:P357]]: Bild","2016-05-06 20:49:04+00","property_replacement","Srittau"
25,"195309277","104678","Bodo Ramelow","Q104678$a56b6519-46b9-08c8-e9c8-0f3a1c290ec8","387","","quote","""Der Fall des Abgeordneten Ramelow ist ein Lehrstück über das Missverhältnis von Opposition und Geheimdienst.""","","{}","","","DELETE","PROPERTY","/* wbremoveclaims-remove:1| */ [[Property:P387]]: Der Fall des Abgeordneten Ramelow ist ein Lehrstück über das Missverhältnis von Opposition und Geheimdienst.","2015-02-10 13:14:08+00","property_replacement","Rippitippi"
25,"195309039","104678","Bodo Ramelow","Q104678$eb3a28b2-41a2-15bc-7ebc-89068d3ab329","1683","","quotation","{}","","""Der Fall des Abgeordneten Ramelow ist ein Lehrstück über das Missverhältnis von Opposition und Geheimdienst.""","","monolingualtext","CREATE","PROPERTY","/* wbsetclaim-create:2||1 */ [[Property:P1683]]: Der Fall des Abgeordneten Ramelow ist ein Lehrstück über das Missverhältnis von Opposition und Geheimdienst.","2015-02-10 13:13:06+00","property_replacement","Rippitippi"
26,"7504196","5465","Cape Town","q5465$71FB37D9-3D1C-46AD-BEC2-51AC1505B3A9","131","","located in the administrative territorial entity","{}","","""Q1185115""","City of Cape Town","wikibase-entityid","CREATE","PROPERTY","/* wbcreateclaim:1 */ p131","2013-02-23 21:48:30+00","property_replacement","ValterVB"
26,"7504166","5465","Cape Town","q5465$A67F94CF-91FE-44AB-A095-0B81E1E58F56","68","","Municipality","""Q1185115""","City of Cape Town","{}","","","DELETE","PROPERTY","/* wbremoveclaims:1 */","2013-02-23 21:48:12+00","property_replacement","ValterVB"
27,"851051313","64819","Caserne Charras","Q64819$e745a7fb-5425-4a96-9c85-390bdfad20c6","969","","street address","""140 boulevard Saint-Denis""","","{}","","","DELETE","PROPERTY","/* wbeditentity-update:0| */","2019-02-05 00:06:31+00","property_replacement","Fralambert"
27,"851051313","64819","Caserne Charras","Q64819$92EAEDA4-03A8-4E0F-8FAE-7B8536FE73DA","6375","","street address","{}","","""140 boulevard Saint-Denis""","","monolingualtext","CREATE","PROPERTY","/* wbeditentity-update:0| */","2019-02-05 00:06:31+00","property_replacement","Fralambert"
28,"7583371","235884","Chhatrapati Shivaji Maharaj Terminus","q235884$85C41E4F-E7FD-47EC-9E51-738BBAB2911B","131","","located in the administrative territorial entity","{}","","""Q1156""","Mumbai","wikibase-entityid","CREATE","PROPERTY","/* wbcreateclaim:1 */ p131","2013-02-24 13:11:32+00","property_replacement","Magnus Manske"
28,"7583424","235884","Chhatrapati Shivaji Maharaj Terminus","q235884$4B7E7BFF-C7EB-46E6-9B42-F7825F7C4E67","33","","settlement","""Q1156""","Mumbai","{}","","","DELETE","PROPERTY","/* wbremoveclaims:1 */","2013-02-24 13:12:10+00","property_replacement","Magnus Manske"
29,"7583432","235884","Chhatrapati Shivaji Maharaj Terminus","q235884$7C319360-6969-4878-864E-544248D13FF0","11","","state","""Q1191""","Maharashtra","{}","","","DELETE","PROPERTY","/* wbremoveclaims:1 */","2013-02-24 13:12:14+00","property_replacement","Magnus Manske"
29,"7583406","235884","Chhatrapati Shivaji Maharaj Terminus","q235884$1A4B770C-63E8-483F-A5FF-B94A8E78799A","131","","located in the administrative territorial entity","{}","","""Q1191""","Maharashtra","wikibase-entityid","CREATE","PROPERTY_VALUE","/* wbcreateclaim:1 */ p131","2013-02-24 13:11:59+00","property_replacement","Magnus Manske"
30,"6067482","137854","Corydoras semiaquilus","q137854$BA9FD384-7A66-4E98-A18C-1E8487C01430","31","","instance of","""Q7432""","species","{}","","","DELETE","PROPERTY","","2013-02-08 18:59:32+00","property_replacement","Soulkeeper"
30,"6067490","137854","Corydoras semiaquilus","q137854$48BE442E-AB14-4331-BBCD-EE799F5EB1AA","105","","taxon rank","{}","","""Q7432""","species","wikibase-entityid","CREATE","PROPERTY","","2013-02-08 18:59:38+00","property_replacement","Soulkeeper"
31,"5842391","10520","David Beckham","q10520$CCAD46AF-925B-4782-AB1F-8D357008F35C","55","","Former member of sports team","""Q18656""","Manchester United F.C.","{}","","wikibase-entityid","DELETE","PROPERTY_VALUE","","2013-02-05 22:41:22+00","property_replacement","Jdforrester"
31,"5842362","10520","David Beckham","q10520$8C729951-7404-4033-B139-7C167795FC54","54","","member of sports team","{}","","""Q18656""","Manchester United F.C.","wikibase-entityid","CREATE","PROPERTY_VALUE","","2013-02-05 22:41:07+00","property_replacement","Jdforrester"
32,"726746542","297","Diego Velázquez","Q297$CE87EE95-C0E6-4D14-8411-9D927C50A299","859","","sponsor","{}","","""Q691402""","Philip IV of Spain","wikibase-entityid","CREATE","PROPERTY","/* wbcreateclaim-create:1| */ [[Property:P859]]: [[Q691402]]","2018-08-16 00:25:16+00","property_replacement","KrBot"
32,"726746578","297","Diego Velázquez","Q297$B0C66303-402B-4A7C-AF35-503A76AC7418","1962","","patron","""Q691402""","Philip IV of Spain","{}","","","DELETE","PROPERTY","/* wbremoveclaims-remove:1| */ [[Property:P1962]]: [[Q691402]], перемещено в / moved to [[Property:P859]], см. / see [[Template:Autofix|autofix]] на / on [[Property talk:P1962]]","2018-08-16 00:25:20+00","property_replacement","KrBot"
33,"6113798","144","dog","q144$5940DEB1-D058-4431-A947-CC092BC0C816","89","","species","{}","","""Q18498""","Canis lupus","wikibase-entityid","CREATE","PROPERTY_VALUE","","2013-02-09 09:48:29+00","property_replacement","Soulkeeper"
33,"6113806","144","dog","q144$661704F5-EC78-4BA3-94C1-3AB7FFA58D64","31","","instance of","""Q18498""","Canis lupus","{}","","wikibase-entityid","DELETE","PROPERTY_VALUE","","2013-02-09 09:48:35+00","property_replacement","Soulkeeper"
34,"710948449","305896","dots per inch","Q305896$6cab8b83-4869-1338-ca70-72191cab816d","5061","","unit symbol","{}","","""DPI""","","monolingualtext","CREATE","PROPERTY","/* wbsetclaim-create:2||1 */ [[Property:P5061]]: DPI","2018-07-15 00:50:34+00","property_replacement","Dhx1"
34,"710948397","305896","dots per inch","Q305896$17e2b642-4b7c-4ce8-7c68-602e3d13e8ae","558","","unit symbol","""DPI""","","{}","","","DELETE","PROPERTY","/* wbremoveclaims-remove:1| */ [[Property:P558]]: DPI","2018-07-15 00:50:25+00","property_replacement","Dhx1"
35,"7280671","273626","École polytechnique","q273626$7F380CB1-FB66-4DB0-A69D-A2FE1A90B7E7","131","","located in the administrative territorial entity","{}","","""Q205580""","Palaiseau","wikibase-entityid","CREATE","PROPERTY","/* wbcreateclaim:1 */ p131","2013-02-21 19:23:24+00","property_replacement","Eric-92"
35,"7280644","273626","École polytechnique","q273626$6AA67C77-DEEB-483F-A024-71B2F2EDF488","83","","city","""Q205580""","Palaiseau","{}","","","DELETE","PROPERTY","/* wbremoveclaims:1 */","2013-02-21 19:23:04+00","property_replacement","Eric-92"
36,"209978783","475909","Ersatz Yorck-class battlecruiser","Q475909$4E90FC43-350E-4C23-BA87-CC0EE994010E","743","","short name","""Ersatz Yorck""","","{}","","","DELETE","PROPERTY","/* wbeditentity-update:0| */ Bot: Replace short name with [[Property:P1813]]","2015-04-11 05:44:25+00","property_replacement","JWbot"
36,"209978783","475909","Ersatz Yorck-class battlecruiser","Q475909$D04F17C1-06C7-4CDC-B5E5-8C8023CC112C","1813","","short name","{}","","""Ersatz Yorck""","","monolingualtext","CREATE","PROPERTY","/* wbeditentity-update:0| */ Bot: Replace short name with [[Property:P1813]]","2015-04-11 05:44:25+00","property_replacement","JWbot"
37,"180544607","11117","Eurovision Song Contest 1999","Q11117$9d02302e-42f3-a384-9e2d-97a41d3e70c6","766","","event location","""Q33224""","International Convention Center","{}","","","DELETE","PROPERTY","/* wbremoveclaims-remove:1| */ [[Property:P766]]: [[Q33224]]","2014-12-12 20:48:50+00","property_replacement","Dexbot"
37,"180528322","11117","Eurovision Song Contest 1999","Q11117$2CBA27F5-FFFA-4E8C-B377-72F67795A18A","276","","location","{}","","""Q33224""","International Convention Center","wikibase-entityid","CREATE","PROPERTY","/* wbcreateclaim-create:1| */ [[Property:P276]]: [[Q33224]]","2014-12-12 19:27:02+00","property_replacement","Dexbot"
38,"851046863","49087","Fisk University","Q49087$537A5882-B751-44CB-9AA8-23EC8BBAAC92","969","","street address","""1000 17th Ave North, Nashville, TN, 37208-4501""","","{}","","","DELETE","PROPERTY","/* wbeditentity-update:0| */","2019-02-04 23:56:25+00","property_replacement","Fralambert"
38,"851046863","49087","Fisk University","Q49087$41A4CADA-6E54-4356-8E54-F02FD4713E85","6375","","street address","{}","","""1000 17th Ave North, Nashville, TN, 37208-4501""","","monolingualtext","CREATE","PROPERTY","/* wbeditentity-update:0| */","2019-02-04 23:56:25+00","property_replacement","Fralambert"
39,"210380398","53592","From the Earth to the Moon","q53592$5ec56387-4136-47fc-de0f-478a8913288a","392","","subtitle","""Trajet direct en 97 heures 20 minutes""","","{}","","","DELETE","PROPERTY","/* wbremoveclaims-remove:1| */ [[Property:P392]]: Trajet direct en 97 heures 20 minutes","2015-04-12 15:51:41+00","property_replacement","PLbot"
39,"210376760","53592","From the Earth to the Moon","Q53592$0CAE9FBF-3EE0-49A4-B567-53E9BC28CA28","1680","","subtitle","{}","","""Trajet direct en 97 heures 20 minutes""","","monolingualtext","CREATE","PROPERTY","/* wbcreateclaim-create:1| */ [[Property:P1680]]: Trajet direct en 97 heures 20 minutes","2015-04-12 15:38:41+00","property_replacement","PLbot"
40,"71747047","114295","Fukushima Daiichi Nuclear Power Plant","Q114295$47b26217-448d-9e63-d67d-efc37ed57746","793","","significant event","{}","","""Q171178""","Fukushima Daiichi nuclear disaster","wikibase-entityid","CREATE","PROPERTY","/* wbsetclaim-create:1||1 */[[Property:P793]]: [[Q171178]]","2013-09-21 03:18:20+00","property_replacement","Sven Manguard"
40,"71747056","114295","Fukushima Daiichi Nuclear Power Plant","q114295$0ee02d38-4fc8-88c0-cca7-59c5877ea941","719","","notable incident","""Q171178""","Fukushima Daiichi nuclear disaster","{}","","","DELETE","PROPERTY","/* wbremoveclaims-remove:1| */[[Property:P719]]: [[Q171178]]","2013-09-21 03:18:23+00","property_replacement","Sven Manguard"
41,"291240486","185372","Girl with a Pearl Earring","Q185372$DF0D4B68-B356-40C4-9438-43190DE68754","1684","","inscription","{}","","""IVMeer""","","monolingualtext","CREATE","PROPERTY","/* wbeditentity-update:0| */","2016-01-12 04:59:32+00","property_replacement","Pasleim"
41,"291240486","185372","Girl with a Pearl Earring","Q185372$62ecb03b-4779-b1cc-aba9-c57a66a50fd4","438","","inscription","""IVMeer""","","{}","","","DELETE","PROPERTY","/* wbeditentity-update:0| */","2016-01-12 04:59:32+00","property_replacement","Pasleim"
42,"166606873","116171","Grbavica","Q116171$d957b088-4190-4f08-c8a1-a4667deaeeb9","1476","","title","{}","","""Grbavica""","","monolingualtext","CREATE","PROPERTY","/* wbsetclaim-create:2||1 */ [[Property:P1476]]: Grbavica","2014-10-21 12:03:19+00","property_replacement",""
42,"166606917","116171","Grbavica","Q116171$bab545f1-4505-611a-492e-23ecc6a7cee9","357","","title","""Grbavica""","","{}","","","DELETE","PROPERTY","/* wbremoveclaims-remove:1| */ [[Property:P357]]: Grbavica","2014-10-21 12:03:28+00","property_replacement",""
43,"122488082","129518","Guentheridia formosa","Q129518$74CB79A3-39E8-4779-A08A-42EFAE4CEEE4","74","","genus","""Q13648478""","Guentheridia","{}","","","DELETE","PROPERTY","/* wbremoveclaims-remove:1| */ deprecated property, [[Property:P171]] is present","2014-04-24 19:02:31+00","property_replacement","SuccuBot"
43,"116768199","129518","Guentheridia formosa","Q129518$EC5E493D-B047-46AB-83E3-141C0EB104AD","171","","parent taxon","{}","","""Q13648478""","Guentheridia","wikibase-entityid","CREATE","PROPERTY","/* wbcreateclaim-create:1| */ [[Property:P171]] deduced from [[Property:P225]] and [[Property:P74]]","2014-03-17 17:24:42+00","property_replacement","SuccuBot"
44,"212700387","116603","Habo Church","Q116603$96de5c11-4fd8-bb31-fad0-0a281a20aa53","1134","","located in place","""Q1566951""","Habo","{}","","","DELETE","PROPERTY","/* wbeditentity-update:0| */ move claim [[Property:P1134]] -> [[Property:P276]]","2015-04-25 06:23:05+00","property_replacement","PLbot"
44,"212700387","116603","Habo Church","Q116603$94A3F53D-F99A-4699-A061-FB0308D2AB32","276","","location","{}","","""Q1566951""","Habo","wikibase-entityid","CREATE","PROPERTY","/* wbeditentity-update:0| */ move claim [[Property:P1134]] -> [[Property:P276]]","2015-04-25 06:23:05+00","property_replacement","PLbot"
45,"629319040","33513","Hebrew alphabet","Q33513$d1c24fb1-448c-3696-0df4-039b435b87c9","2439","","language","""Q33367""","Judeo-Persian","{}","","","DELETE","PROPERTY","/* wbeditentity-update:0| */ move claim [[Property:P2439]] -> [[Property:P1269]]","2018-02-10 11:47:07+00","property_replacement","PLbot"
45,"629319040","33513","Hebrew alphabet","Q33513$BBD3FFFE-DEEE-4CA2-A1AA-749B8D844E20","1269","","facet of","{}","","""Q33367""","Judeo-Persian","wikibase-entityid","CREATE","PROPERTY","/* wbeditentity-update:0| */ move claim [[Property:P2439]] -> [[Property:P1269]]","2018-02-10 11:47:07+00","property_replacement","PLbot"
46,"93966906","174009","Hermione Granger","Q174009$b20a14fc-456a-9868-a0d4-5b28ee677b2a","160","","affiliation","""Q842408""","Gryffindor","{}","","","DELETE","PROPERTY","/* wbremoveclaims-remove:1| */[[Property:P160]]: [[Q842408]]","2013-12-16 21:17:13+00","property_replacement","Zuphilip"
46,"93951470","174009","Hermione Granger","Q174009$61DE8DB2-27ED-4309-9C45-EC7DCA653143","463","","member of","{}","","""Q842408""","Gryffindor","wikibase-entityid","CREATE","PROPERTY","/* wbcreateclaim-create:1| */[[Property:P463]]: [[Q842408]]","2013-12-16 20:21:47+00","property_replacement","Zuphilip"
47,"7595465","169598","Honnō-ji Incident","q169598$CB0D98F7-E6EB-4739-B80E-107F37836C77","131","","located in the administrative territorial entity","{}","","""Q34600""","Kyoto","wikibase-entityid","CREATE","PROPERTY","/* wbcreateclaim:1 */ p131","2013-02-24 15:05:35+00","property_replacement","Magnus Manske"
47,"7595470","169598","Honnō-ji Incident","q169598$C240BC4D-FC14-4BC1-95BC-C13EC31BF4F7","83","","species","""Q34600""","Kyoto","{}","","","DELETE","PROPERTY","/* wbremoveclaims:1 */","2013-02-24 15:05:36+00","property_replacement","Magnus Manske"
48,"25877978","801","Israel","q801$F4B5F05A-8A1B-4BA8-9A08-B4662AEE41AC","421","","located in time zone","{}","","""Q6723""","UTC+02:00","wikibase-entityid","CREATE","PROPERTY","","2013-04-16 14:03:15+00","property_replacement","Penn Station"
48,"25371992","801","Israel","q801$518CD7BF-969C-4F8C-8F62-2D2E21F133C8","32","","region","""Q48214""","Near East","{}","","","DELETE","PROPERTY","","2013-04-15 07:50:07+00","property_replacement","אבגד"
49,"142412993","372097","Jacob Tamarkin","Q372097$B0B6B0AD-A918-4FA5-A1DE-07442FBF9DCD","1298","","workplace","""Q2031051""","Perm State University","{}","","","DELETE","PROPERTY","/* wbremoveclaims-remove:1| */ [[Property:P1298]]: [[Q2031051]]","2014-07-04 04:28:02+00","property_replacement","Pasleim"
49,"142413016","372097","Jacob Tamarkin","Q372097$53FF761D-5087-4BDF-9662-11A2CFA54F59","937","","work location","{}","","""Q2031051""","Perm State University","wikibase-entityid","CREATE","PROPERTY","/* wbcreateclaim-create:1| */ [[Property:P937]]: [[Q2031051]]","2014-07-04 04:28:14+00","property_replacement","Pasleim"
50,"427310374","390581","Jacques Raymond Brascassat","Q390581$d0ab7a47-405b-5efe-7733-5e224ac3560f","3448","","stepparent","{}","","""Q640709""","Théodore Richard","wikibase-entityid","CREATE","PROPERTY","/* wbsetclaim-create:2||1 */ [[Property:P3448]]: [[Q640709]]","2017-01-11 23:54:59+00","property_replacement","Robin van der Vliet"
50,"427310326","390581","Jacques Raymond Brascassat","q390581$0d344052-4c09-532b-5fcd-3e36b4fe4751","43","","stepfather","""Q640709""","Théodore Richard","{}","","","DELETE","PROPERTY","/* wbremoveclaims-remove:1| */ [[Property:P43]]: [[Q640709]]","2017-01-11 23:54:53+00","property_replacement","Robin van der Vliet"
51,"86448927","4027","Jean Moulin University - Lyon 3","q4027$d5a46a94-421b-25dc-bbd1-67c606bf2403","160","","affiliation","""Q868940""","European University Association","{}","","","DELETE","PROPERTY","/* wbremoveclaims-remove:1| */[[Property:P160]]: [[Q868940]]","2013-11-15 05:07:09+00","property_replacement","Sven Manguard"
51,"86448874","4027","Jean Moulin University - Lyon 3","Q4027$62903295-49c3-0804-1dac-875d16d05f93","463","","member of","{}","","""Q868940""","European University Association","wikibase-entityid","CREATE","PROPERTY","/* wbsetclaim-create:1||1 */[[Property:P463]]: [[Q868940]]","2013-11-15 05:06:40+00","property_replacement","Sven Manguard"
52,"5816030","16597","Jiang Zemin","q16597$175FAF73-D67A-4693-9908-9DC82B8C9AD2","27","","country of citizenship","{}","","""Q148""","People's Republic of China","wikibase-entityid","CREATE","PROPERTY","","2013-02-05 09:48:49+00","property_replacement","Stevenliuyi"
52,"5816029","16597","Jiang Zemin","q16597$DA942C89-67A0-4E41-ABDC-6CD6C4393687","17","","country","""Q148""","People's Republic of China","{}","","","DELETE","PROPERTY","","2013-02-05 09:48:28+00","property_replacement","Stevenliuyi"
53,"427712453","16597","Jiang Zemin","q16597$730d49af-430b-d427-f299-8ec279ccefa9","43","","stepfather","""Q8296718""","Jiang Shangqing","{}","","","DELETE","PROPERTY","/* wbremoveclaims-remove:1| */ [[Property:P43]]: [[Q8296718]]","2017-01-12 12:56:55+00","property_replacement","Robin van der Vliet"
53,"427712500","16597","Jiang Zemin","Q16597$d8269203-4c33-8355-e03a-781f2996f0d9","3448","","stepparent","{}","","""Q8296718""","Jiang Shangqing","wikibase-entityid","CREATE","PROPERTY","/* wbsetclaim-create:2||1 */ [[Property:P3448]]: [[Q8296718]]","2017-01-12 12:57:03+00","property_replacement","Robin van der Vliet"
54,"726745411","41264","Johannes Vermeer","Q41264$A82FCD37-116C-4BE6-AD13-B205491D372B","1962","","patron","""Q2615527""","Pieter van Ruijven","{}","","","DELETE","PROPERTY","/* wbremoveclaims-remove:1| */ [[Property:P1962]]: [[Q2615527]], перемещено в / moved to [[Property:P859]], см. / see [[Template:Autofix|autofix]] на / on [[Property talk:P1962]]","2018-08-16 00:22:26+00","property_replacement","KrBot"
54,"726745396","41264","Johannes Vermeer","Q41264$F9A03A5F-A749-4992-B474-DE8CD7D764FE","859","","sponsor","{}","","""Q2615527""","Pieter van Ruijven","wikibase-entityid","CREATE","PROPERTY","/* wbcreateclaim-create:1| */ [[Property:P859]]: [[Q2615527]]","2018-08-16 00:22:24+00","property_replacement","KrBot"
55,"10275592","181912","KLM","q181912$4E7A8A0C-9AFD-4EC8-8172-7B83D68D64B2","127","","owned by","{}","","""Q407237""","Air France-KLM","wikibase-entityid","CREATE","PROPERTY","","2013-03-08 18:46:08+00","property_replacement","Zolo"
55,"10275569","181912","KLM","q181912$C444220E-F235-4117-8833-E8D775D8470B","165","","Owner","""Q407237""","Air France-KLM","{}","","","DELETE","PROPERTY","","2013-03-08 18:45:59+00","property_replacement","Zolo"
56,"267451760","29530","Liberty Leading the People","Q29530$589c98d8-430d-07c6-b37f-edd1be11cf99","1684","","inscription","{}","","""Eug. Delacroix 1830""","","monolingualtext","CREATE","PROPERTY","/* wbsetclaim-create:2||1 */ [[Property:P1684]]: Eug. Delacroix 1830","2015-11-03 00:08:06+00","property_replacement","Oursana"
56,"267451805","29530","Liberty Leading the People","Q29530$4e5e3484-4c89-d1de-bae2-0b0185b7f0c9","438","","inscription","""Eug. Delacroix 1830""","","{}","","","DELETE","PROPERTY","/* wbremoveclaims-remove:1| */ [[Property:P438]]: Eug. Delacroix 1830","2015-11-03 00:09:20+00","property_replacement","Oursana"
57,"5842236","615","Lionel Messi","q615$F78A4F6A-0C54-4465-8E26-FC54070662F6","54","","member of sports team","{}","","""Q1187790""","Argentina national under-20 football team","wikibase-entityid","CREATE","PROPERTY_VALUE","","2013-02-05 22:39:53+00","property_replacement","Jdforrester"
57,"5842252","615","Lionel Messi","q615$CBEF3E53-4B5B-4159-886A-63393CA4243F","55","","Former member of sports team","""Q2462207""","Argentina national under-23 football team","{}","","wikibase-entityid","DELETE","PROPERTY_VALUE","","2013-02-05 22:40:00+00","property_replacement","Jdforrester"
58,"5842243","615","Lionel Messi","q615$52466C7B-8B92-4FA9-88B3-148B440CB73E","55","","Former member of sports team","""Q10467""","FC Barcelona Atlètic","{}","","wikibase-entityid","DELETE","PROPERTY_VALUE","","2013-02-05 22:39:57+00","property_replacement","Jdforrester"
58,"5842185","615","Lionel Messi","q615$1C2ACC11-5029-49B2-815A-1B64CFEAE433","54","","member of sports team","{}","","""Q10467""","FC Barcelona Atlètic","wikibase-entityid","CREATE","PROPERTY_VALUE","","2013-02-05 22:39:25+00","property_replacement","Jdforrester"
59,"5842248","615","Lionel Messi","q615$8C3C16B9-0D4D-44E0-B75F-936399B8D355","55","","Former member of sports team","""Q2346842""","FC Barcelona C","{}","","wikibase-entityid","DELETE","PROPERTY_VALUE","","2013-02-05 22:39:59+00","property_replacement","Jdforrester"
59,"5842197","615","Lionel Messi","q615$DBB4FAC7-2683-4289-AA35-762A57426902","54","","member of sports team","{}","","""Q2346842""","FC Barcelona C","wikibase-entityid","CREATE","PROPERTY_VALUE","","2013-02-05 22:39:32+00","property_replacement","Jdforrester"
60,"190734855","23180","Lu Xun Memorial Hall","Q23180$52b6031d-4971-83a0-86d6-e269ce7ff610","1134","","located in place","""Q1142220""","Lu Xun Park","{}","","","DELETE","PROPERTY","/* wbremoveclaims-remove:1| */ [[Property:P1134]]: [[Q1142220]]","2015-01-25 02:48:01+00","property_replacement","Wylve"
60,"190734898","23180","Lu Xun Memorial Hall","Q23180$2d0943e5-4a67-3bb8-287d-9c245b288c33","276","","location","{}","","""Q1142220""","Lu Xun Park","wikibase-entityid","CREATE","PROPERTY","/* wbsetclaim-create:2||1 */ [[Property:P276]]: [[Q1142220]]","2015-01-25 02:48:12+00","property_replacement","Wylve"
63,"6389504","60","New York City","q60$F131C437-386F-4257-81D0-DD7D61006E3B","46","","head of national government","""Q607""","Michael Bloomberg","{}","","","DELETE","PROPERTY","","2013-02-13 06:27:38+00","property_replacement","אבגד"
63,"6389521","60","New York City","q60$5A16A954-8C0F-4353-A465-A0CFDE18D27A","6","","head of government","{}","","""Q607""","Michael Bloomberg","wikibase-entityid","CREATE","PROPERTY","","2013-02-13 06:27:53+00","property_replacement","אבגד"
64,"7611672","60","New York City","q60$D004E58B-933D-4D47-810E-2E088355A7D3","11","","state","""Q1384""","New York","{}","","","DELETE","PROPERTY","/* wbremoveclaims:1 */","2013-02-24 17:37:31+00","property_replacement","Magnus Manske"
64,"7611664","60","New York City","q60$D856B9DC-396A-4329-A196-0053F3803B90","131","","located in the administrative territorial entity","{}","","""Q1384""","New York","wikibase-entityid","CREATE","PROPERTY","/* wbcreateclaim:1 */ p131","2013-02-24 17:37:29+00","property_replacement","Magnus Manske"
65,"1676171539","302799","NGC 2506","Q302799$4EB209A9-9DB1-409B-920B-56986898319C","10751","","declination component of proper motion","{}","","""+0.37""","","quantity","CREATE","PROPERTY","/* wbeditentity-update:0| */ mv P2215 values to P10751/P10752","2022-07-12 22:14:39+00","property_replacement","Twofivesixbot"
65,"1676171539","302799","NGC 2506","Q302799$8d9b7708-7b93-4512-9c95-09a1951fc837","2215","","proper motion","""+0.37""","","{}","","","DELETE","PROPERTY","/* wbeditentity-update:0| */ mv P2215 values to P10751/P10752","2022-07-12 22:14:39+00","property_replacement","Twofivesixbot"
66,"1676171539","302799","NGC 2506","Q302799$78d40b4e-2910-48f5-becf-035624f9acb2","2215","","proper motion","""-2.55""","","{}","","","DELETE","PROPERTY","/* wbeditentity-update:0| */ mv P2215 values to P10751/P10752","2022-07-12 22:14:39+00","property_replacement","Twofivesixbot"
66,"1676171539","302799","NGC 2506","Q302799$71C06112-C5F6-4A3B-AAE2-EA6CE4AD0E6E","10752","","right ascension component of proper motion","{}","","""-2.55""","","quantity","CREATE","PROPERTY","/* wbeditentity-update:0| */ mv P2215 values to P10751/P10752","2022-07-12 22:14:39+00","property_replacement","Twofivesixbot"
67,"413777284","116058","Nicolas Théodore de Saussure","Q116058$F11324F1-9AF1-461D-8CF8-5111032DFEB0","9","","sister","""Q2375310""","Albertine Necker de Saussure","{}","","","DELETE","PROPERTY","/* wbremoveclaims-remove:1| */ [[Property:P9]]: [[Q2375310]], #petscan","2016-12-04 03:36:19+00","property_replacement","Jura1"
67,"413765256","116058","Nicolas Théodore de Saussure","Q116058$0E7138F1-E8F6-4802-AA87-D05617236C2D","3373","","sibling","{}","","""Q2375310""","Albertine Necker de Saussure","wikibase-entityid","CREATE","PROPERTY_VALUE","/* wbcreateclaim-create:1| */ [[Property:P3373]]: [[Q2375310]], #quickstatements","2016-12-04 02:57:02+00","property_replacement","Jura1"
68,"97804116","148880","Nymphaea caerulea","Q148880$0a25b9f8-4f01-60de-ec5e-c5ecb8a0bf2c","171","","parent taxon","{}","","""Q146628""","Nymphaea","wikibase-entityid","CREATE","PROPERTY","/* wbsetclaim-create:1||1 */[[Property:P171]]: [[Q146628]]","2014-01-02 12:53:39+00","property_replacement","Succu"
68,"97804076","148880","Nymphaea caerulea","q148880$D26F35D4-2071-43AF-9D05-AA99518D992B","74","","genus","""Q146628""","Nymphaea","{}","","","DELETE","PROPERTY","/* wbremoveclaims-remove:1| */[[Property:P74]]: [[Q146628]]","2014-01-02 12:53:28+00","property_replacement","Succu"
69,"86449209","8442","Otto von Bismarck","q8442$9320E2F2-D0BE-4C9C-9911-9EA3338D45AE","160","","affiliation","""Q317010""","Corps Hannovera Göttingen","{}","","","DELETE","PROPERTY","/* wbremoveclaims-remove:1| */[[Property:P160]]: [[Q317010]]","2013-11-15 05:09:42+00","property_replacement","Sven Manguard"
69,"86449185","8442","Otto von Bismarck","Q8442$6aff2a0a-4f4c-088d-8c55-09d8a9d71b17","463","","member of","{}","","""Q317010""","Corps Hannovera Göttingen","wikibase-entityid","CREATE","PROPERTY","/* wbsetclaim-create:1||1 */[[Property:P463]]: [[Q317010]]","2013-11-15 05:09:29+00","property_replacement","Sven Manguard"
70,"1107151264","83382","Pentium III","Q83382$5148708f-4611-7e29-a0f7-c0e823255f7d","2157","","lithography","""Q1050773""","250 nm lithography process","{}","","","DELETE","PROPERTY","/* wbremoveclaims-update:0| */ Copied to P2079","2020-01-31 06:09:05+00","property_replacement","BotAdventures"
70,"1107151249","83382","Pentium III","Q83382$1CC7CBB8-3574-40A3-A1C1-9E0B4C1387B0","2079","","fabrication method","{}","","""Q1050773""","250 nm lithography process","wikibase-entityid","CREATE","PROPERTY","/* wbeditentity-update:0| */ Copy P2157 to P2079","2020-01-31 06:09:04+00","property_replacement","BotAdventures"
71,"7686041","54936","Province of Alicante","q54936$0D74BCD8-0F14-42B1-95DA-2122CBA421AC","131","","located in the administrative territorial entity","{}","","""Q5720""","Valencian Community","wikibase-entityid","CREATE","PROPERTY","/* wbcreateclaim:1 */ p131","2013-02-25 09:07:27+00","property_replacement","Kokoo"
71,"7686023","54936","Province of Alicante","q54936$8D124BEC-0D68-4DB7-BA2C-81836C91C1E3","32","","region","""Q5720""","Valencian Community","{}","","","DELETE","PROPERTY","/* wbremoveclaims:1 */","2013-02-25 09:07:07+00","property_replacement","Kokoo"
72,"5816667","10132","Rafael Nadal","q10132$31B979EC-BCBE-43FD-B8AC-939DBA2CE126","27","","country of citizenship","{}","","""Q29""","Spain","wikibase-entityid","CREATE","PROPERTY","","2013-02-05 10:48:33+00","property_replacement","Stryn"
72,"5816664","10132","Rafael Nadal","q10132$57815A40-8ABF-4C12-82A0-A7C81099EA47","17","","country","""Q29""","Spain","{}","","","DELETE","PROPERTY","","2013-02-05 10:48:23+00","property_replacement","Stryn"
73,"7263597","647","Rennes","q647$F827753F-4CF9-4100-87C1-98BBBF1F3FE0","93","","department","""Q12549""","Ille-et-Vilaine","{}","","","DELETE","PROPERTY","/* wbremoveclaims:1 */","2013-02-21 15:20:57+00","property_replacement","Goldzahn"
73,"7263621","647","Rennes","q647$441F47CC-EE7A-4D50-BA2A-54ABD066D96C","131","","located in the administrative territorial entity","{}","","""Q12549""","Ille-et-Vilaine","wikibase-entityid","CREATE","PROPERTY","/* wbcreateclaim:1 */ p131","2013-02-21 15:21:14+00","property_replacement","Goldzahn"
74,"10466611","321007","RMS Olympic","q321007$46D12A13-FD49-42C2-A0F3-51886EB68742","165","","Owner","""Q320466""","White Star Line","{}","","wikibase-entityid","DELETE","PROPERTY_VALUE","","2013-03-09 08:52:44+00","property_replacement","Zolo"
74,"10466561","321007","RMS Olympic","q321007$6000F955-D3A0-47FD-9080-925FF877BE82","127","","owned by","{}","","""Q320466""","White Star Line","wikibase-entityid","CREATE","PROPERTY","","2013-03-09 08:52:21+00","property_replacement","Zolo"
75,"10466594","321007","RMS Olympic","q321007$72E7E2BD-6567-4623-A3C4-332E47810D93","127","","owned by","{}","","""Q730587""","Cunard Line","wikibase-entityid","CREATE","PROPERTY_VALUE","","2013-03-09 08:52:36+00","property_replacement","Zolo"
75,"10466621","321007","RMS Olympic","q321007$77643A27-F358-4ACE-B726-BA6B0EB2097E","165","","Owner","""Q730587""","Cunard Line","{}","","","DELETE","PROPERTY","","2013-03-09 08:52:49+00","property_replacement","Zolo"
76,"7264061","220","Rome","q220$06AE7555-9EED-436B-ADDD-0C1AAF7E626E","12","","province","""Q15119""","Province of Rome","{}","","","DELETE","PROPERTY","/* wbremoveclaims:1 */","2013-02-21 15:26:40+00","property_replacement","Zolo"
76,"7264106","220","Rome","q220$718CF014-9A0C-472F-81A4-15848FDC5C97","131","","located in the administrative territorial entity","{}","","""Q15119""","Province of Rome","wikibase-entityid","CREATE","PROPERTY","/* wbcreateclaim:1 */ p131","2013-02-21 15:27:14+00","property_replacement","Zolo"
77,"210682505","149936","Rozhlad","Q149936$f4b3b0f1-45c4-f882-20d6-b6db9fa81a6d","1680","","subtitle","{}","","""Serbski kulturny časopis""","","monolingualtext","CREATE","PROPERTY","/* wbsetclaim-create:2||1 */ [[Property:P1680]]: Serbski kulturny časopis","2015-04-13 23:21:53+00","property_replacement","Pasleim"
77,"210682513","149936","Rozhlad","Q149936$3e4d7cbb-4deb-0314-b503-8a1be1f38288","392","","subtitle","""Serbski kulturny časopis""","","{}","","","DELETE","PROPERTY","/* wbremoveclaims-remove:1| */ [[Property:P392]]: Serbski kulturny časopis","2015-04-13 23:21:55+00","property_replacement","Pasleim"
78,"185323895","2554","Seawise Giant","q2554$e6ff2847-4db1-44e2-1246-3431865b48f9","198","","ship builder","""Q1808912""","Sumitomo Heavy Industries","{}","","","DELETE","PROPERTY","/* wbremoveclaims-remove:1| */ [[Property:P198]]: [[Q1808912]]","2015-01-01 15:18:14+00","property_replacement","PLbot"
78,"185323889","2554","Seawise Giant","Q2554$0DC1FF77-429D-4008-A0C9-981DE828EB45","176","","manufacturer","{}","","""Q1808912""","Sumitomo Heavy Industries","wikibase-entityid","CREATE","PROPERTY","/* wbcreateclaim-create:1| */ [[Property:P176]]: [[Q1808912]]","2015-01-01 15:18:13+00","property_replacement","PLbot"
80,"210400722","454831","Siegessäule","Q454831$aed04652-458f-dcf1-5780-9975bb00a6c9","392","","subtitle","""Berlins Monatsblatt für Schwule""","","{}","","string","DELETE","PROPERTY_VALUE","/* wbremoveclaims-remove:1| */ [[Property:P392]]: Berlins Monatsblatt für Schwule","2015-04-12 17:24:35+00","property_replacement","Pasleim"
79,"210400739","454831","Siegessäule","Q454831$cfaf7ce6-4d5d-4b10-2741-6f2e2ed9f426","392","","subtitle","""queer in Berlin""","","{}","","","DELETE","PROPERTY","/* wbremoveclaims-remove:1| */ [[Property:P392]]: queer in Berlin","2015-04-12 17:24:39+00","property_replacement","Pasleim"
80,"210395189","454831","Siegessäule","Q454831$9E1F06A8-7207-4DBB-8B6B-FAD4A764EC4A","1680","","subtitle","{}","","""Berlins Monatsblatt für Schwule""","","monolingualtext","CREATE","PROPERTY","/* wbcreateclaim-create:1| */ [[Property:P1680]]: Berlins Monatsblatt für Schwule","2015-04-12 16:58:27+00","property_replacement","PLbot"
79,"210400703","454831","Siegessäule","Q454831$da032554-422c-1798-4d90-d595bc25724c","1680","","subtitle","{}","","""queer in Berlin""","","monolingualtext","CREATE","PROPERTY_VALUE","/* wbsetclaim-create:2||1 */ [[Property:P1680]]: queer in Berlin","2015-04-12 17:24:30+00","property_replacement","Pasleim"
81,"209977512","37462","Skinnskatteberg Municipality","q37462$89942c94-4835-722f-0c28-90baef7f428b","743","","short name","""Skinnskatteberg""","","{}","","","DELETE","PROPERTY","/* wbeditentity-update:0| */ Bot: Replace short name with [[Property:P1813]]","2015-04-11 05:39:26+00","property_replacement","JWbot"
81,"209977512","37462","Skinnskatteberg Municipality","Q37462$948F55E2-960F-462F-BBCD-C237FD2BBE40","1813","","short name","{}","","""Skinnskatteberg""","","monolingualtext","CREATE","PROPERTY","/* wbeditentity-update:0| */ Bot: Replace short name with [[Property:P1813]]","2015-04-11 05:39:26+00","property_replacement","JWbot"
82,"10273416","8988","Southampton Airport","q8988$402C1C65-08B2-4FDF-90D4-0561D0B1BCA1","127","","owned by","{}","","""Q795363""","Heathrow Airport Holdings Limited","wikibase-entityid","CREATE","PROPERTY","","2013-03-08 18:29:40+00","property_replacement","Zolo"
82,"10273401","8988","Southampton Airport","q8988$F31276C0-DC03-4B9D-B37C-4D24D6D03268","165","","Owner","""Q795363""","Heathrow Airport Holdings Limited","{}","","","DELETE","PROPERTY","","2013-03-08 18:29:32+00","property_replacement","Zolo"
83,"82612991","193735","swimming at the 2012 Summer Olympics","q193735$53687a8a-4560-e33e-03e0-487dfb794413","540","","venue","""Q123738""","Hyde Park","{}","","","DELETE","PROPERTY","/* wbremoveclaims-remove:1| */[[Property:P540]]: [[Q123738]]","2013-10-29 22:45:46+00","property_replacement","Pasleim"
83,"82612961","193735","swimming at the 2012 Summer Olympics","Q193735$3c6b0f6a-4270-c0be-6ea1-d1319682bba4","766","","event location","{}","","""Q123738""","Hyde Park","wikibase-entityid","CREATE","PROPERTY_VALUE","/* wbsetclaim-create:1||1 */[[Property:P766]]: [[Q123738]]","2013-10-29 22:45:35+00","property_replacement","Pasleim"
84,"92499286","15570","The Chinese University of Hong Kong","q15570$6571cc0d-412a-dc62-776e-433752c50e1b","160","","affiliation","""Q4810071""","Association of Southeast Asian Institutions of Higher Learning","{}","","wikibase-entityid","DELETE","PROPERTY_VALUE","/* wbremoveclaims-remove:1| */[[Property:P160]]: [[Q4810071]]","2013-12-10 09:44:06+00","property_replacement","Zolo"
84,"92499293","15570","The Chinese University of Hong Kong","Q15570$ba70b1b4-41f0-2567-c5af-bac09c5dd654","463","","member of","{}","","""Q4810071""","Association of Southeast Asian Institutions of Higher Learning","wikibase-entityid","CREATE","PROPERTY_VALUE","/* wbsetclaim-create:1||1 */[[Property:P463]]: [[Q4810071]]","2013-12-10 09:44:12+00","property_replacement","Zolo"
85,"227206500","158023","The White Ribbon","Q158023$8db15248-4021-47b4-8d82-0c195ea7c855","1476","","title","{}","","""Das weiße Band – Eine deutsche Kindergeschichte""","","monolingualtext","CREATE","PROPERTY","/* wbsetclaim-create:2||1 */ [[Property:P1476]]: Das weiße Band – Eine deutsche Kindergeschichte","2015-07-07 14:16:38+00","property_replacement",""
85,"227206531","158023","The White Ribbon","Q158023$8cfc9f60-40ab-e67d-27b1-e70c996f5b74","357","","title","""Das weiße Band – Eine deutsche Kindergeschichte""","","{}","","","DELETE","PROPERTY","/* wbremoveclaims-remove:1| */ [[Property:P357]]: Das weiße Band – Eine deutsche Kindergeschichte","2015-07-07 14:16:45+00","property_replacement",""
86,"90867878","47566","United States presidential election","q47566$862E121B-97BB-43BD-91F7-2E133AA4ACDB","173","","type of election","""Q858439""","presidential election","{}","","","DELETE","PROPERTY","/* wbremoveclaims-remove:1| */[[Property:P173]]: [[Q858439]]","2013-11-30 22:40:59+00","property_replacement","Arctic.gnome"
86,"90867870","47566","United States presidential election","Q47566$b85b7047-4412-06e0-af88-3f88c5f0cfcf","279","","subclass of","{}","","""Q858439""","presidential election","wikibase-entityid","CREATE","PROPERTY","/* wbsetclaim-create:1||1 */[[Property:P279]]: [[Q858439]]","2013-11-30 22:40:57+00","property_replacement","Arctic.gnome"
87,"851056199","117251","University of Charleston","Q117251$B793267D-C5E1-4862-9F39-4FE52D0F02C9","969","","street address","""2300 MacCorkle Avenue,  SE, Charleston, WV, 25304""","","{}","","","DELETE","PROPERTY","/* wbeditentity-update:0| */","2019-02-05 00:16:07+00","property_replacement","Fralambert"
87,"851056199","117251","University of Charleston","Q117251$2449D847-9E26-4349-AE3B-043852E0F062","6375","","street address","{}","","""2300 MacCorkle Avenue,  SE, Charleston, WV, 25304""","","monolingualtext","CREATE","PROPERTY","/* wbeditentity-update:0| */","2019-02-05 00:16:07+00","property_replacement","Fralambert"
88,"86449431","10176","University of Lyon","q10176$2b8ac672-4762-011e-cff4-c8152a86ab8e","160","","affiliation","""Q3304068""","","{}","","","DELETE","PROPERTY","/* wbremoveclaims-remove:1| */[[Property:P160]]: [[Q3304068]]","2013-11-15 05:11:56+00","property_replacement","Sven Manguard"
88,"86449444","10176","University of Lyon","Q10176$bb2e502b-4c27-defc-e40e-8b100834a557","463","","member of","{}","","""Q3304068""","","wikibase-entityid","CREATE","PROPERTY","/* wbsetclaim-create:1||1 */[[Property:P463]]: [[Q3304068]]","2013-11-15 05:12:05+00","property_replacement","Sven Manguard"
89,"7595491","204181","University of Tartu","q204181$6C377EEC-5258-42D9-89AC-05A14EB37C78","131","","located in the administrative territorial entity","{}","","""Q13972""","Tartu","wikibase-entityid","CREATE","PROPERTY","/* wbcreateclaim:1 */ p131","2013-02-24 15:05:44+00","property_replacement","Magnus Manske"
89,"7595499","204181","University of Tartu","q204181$4AF5D908-41BA-4F6F-93B6-A6FE3516D4B1","83","","city","""Q13972""","Tartu","{}","","","DELETE","PROPERTY","/* wbremoveclaims:1 */","2013-02-24 15:05:46+00","property_replacement","Magnus Manske"
90,"1676157850","32883","Ursa Minor Dwarf","Q32883$543524f0-cae2-4d25-ba47-f021275a4b0a","2215","","proper motion","""+0.074""","","{}","","","DELETE","PROPERTY","/* wbeditentity-update:0| */ mv P2215 values to P10751/P10752","2022-07-12 21:48:41+00","property_replacement","Twofivesixbot"
91,"1676157850","32883","Ursa Minor Dwarf","Q32883$aacaae2a-7c16-4560-8a9e-cec2cbda9e9e","2215","","proper motion","""+0.056""","","{}","","","DELETE","PROPERTY","/* wbeditentity-update:0| */ mv P2215 values to P10751/P10752","2022-07-12 21:48:41+00","property_replacement","Twofivesixbot"
90,"1676157850","32883","Ursa Minor Dwarf","Q32883$700F6183-2843-42EF-A99C-13B72BF54905","10751","","declination component of proper motion","{}","","""+0.074""","","quantity","CREATE","PROPERTY","/* wbeditentity-update:0| */ mv P2215 values to P10751/P10752","2022-07-12 21:48:41+00","property_replacement","Twofivesixbot"
91,"1676157850","32883","Ursa Minor Dwarf","Q32883$DBE0CE6A-5648-45B9-9D2F-25565C289260","10752","","right ascension component of proper motion","{}","","""+0.056""","","quantity","CREATE","PROPERTY","/* wbeditentity-update:0| */ mv P2215 values to P10751/P10752","2022-07-12 21:48:41+00","property_replacement","Twofivesixbot"
92,"5910760","77","Uruguay","q77$6DEEA34E-705A-49B8-A80C-1E8064679BA2","35","","head of state","{}","","""Q9094""","José Mujica","wikibase-entityid","CREATE","PROPERTY","","2013-02-06 16:56:24+00","property_replacement","Santga"
92,"5910749","77","Uruguay","q77$1CB1FFA3-F3D6-4CA9-8AFB-D2FA9ED0AF95","46","","head of national government","""Q9094""","José Mujica","{}","","","DELETE","PROPERTY","","2013-02-06 16:56:01+00","property_replacement","Santga"
93,"838942466","340350","Visborg","Q340350$6E9DA54F-B420-4A60-8D77-B88D1964F4C3","706","","located in/on physical feature","{}","","""Q1027830""","Gotland","wikibase-entityid","CREATE","PROPERTY","/* wbeditentity-update:0| */ move claim [[Property:P5130]] -> [[Property:P706]]","2019-01-21 14:13:23+00","property_replacement","PLbot"
93,"838942466","340350","Visborg","Q340350$E518796C-4F1E-48EB-896D-F7CA656932ED","5130","","landmass","""Q1027830""","Gotland","{}","","","DELETE","PROPERTY","/* wbeditentity-update:0| */ move claim [[Property:P5130]] -> [[Property:P706]]","2019-01-21 14:13:23+00","property_replacement","PLbot"
94,"6189283","7747","Vladimir Putin","q7747$CFB2C515-6A8A-4168-9FA6-B2241CDC6206","62","","image","""Vladimir Putin 12015.jpg""","","{}","","","DELETE","PROPERTY","","2013-02-10 11:33:35+00","property_replacement","ThorstenX1"
94,"6189277","7747","Vladimir Putin","q7747$0B6C18ED-D36A-406D-AC30-A2AB1D576333","18","","image","{}","","""Vladimir Putin 12015.jpg""","","string","CREATE","PROPERTY","","2013-02-10 11:33:29+00","property_replacement","ThorstenX1"
95,"7594490","246","Volkswagen","q246$80451DCF-3E0D-4B32-B67A-0C61E212F305","131","","located in the administrative territorial entity","{}","","""Q3014""","Wolfsburg","wikibase-entityid","CREATE","PROPERTY","/* wbcreateclaim:1 */ p131","2013-02-24 14:56:48+00","property_replacement","Magnus Manske"
95,"7594496","246","Volkswagen","q246$28DC5B4B-8F15-4079-88FA-DD0CE97856B4","83","","city","""Q3014""","Wolfsburg","{}","","","DELETE","PROPERTY","/* wbremoveclaims:1 */","2013-02-24 14:56:49+00","property_replacement","Magnus Manske"
96,"726745146","41513","William Blake","Q41513$F00664BA-F548-4275-AB5F-7952B1B9B806","859","","sponsor","{}","","""Q250732""","John Linnell","wikibase-entityid","CREATE","PROPERTY_VALUE","/* wbcreateclaim-create:1| */ [[Property:P859]]: [[Q250732]]","2018-08-16 00:21:45+00","property_replacement","KrBot"
96,"726745137","41513","William Blake","Q41513$6cb3b798-4ed4-5f13-7780-0f537ab6e74e","1962","","patron","""Q23688963""","Joseph Thomas","{}","","wikibase-entityid","DELETE","PROPERTY_VALUE","/* wbremoveclaims-remove:1| */ [[Property:P1962]]: [[Q23688963]], перемещено в / moved to [[Property:P859]], см. / see [[Template:Autofix|autofix]] на / on [[Property talk:P1962]]","2018-08-16 00:21:44+00","property_replacement","KrBot"
97,"285331617","136541","ZYN!","Q136541$5B623EFA-A49B-4C5C-8455-775C0364EEB7","357","","title","""ZYN! Das einzige deutsche Satiremagazin""","","{}","","","DELETE","PROPERTY","/* wbeditentity-update:0| */","2015-12-23 15:44:41+00","property_replacement","Pasleim"
97,"285331617","136541","ZYN!","Q136541$0F877656-992E-4CA3-9CE3-D5975EDFEFA3","1476","","title","{}","","""ZYN! Das einzige deutsche Satiremagazin""","","monolingualtext","CREATE","PROPERTY","/* wbeditentity-update:0| */","2015-12-23 15:44:41+00","property_replacement","Pasleim"
98,"1804175957","1","Universe","Q1$2195b431-45e1-e607-8cea-e0a9aeabf404","2561","","name","{}","","""universe""","","monolingualtext","CREATE","PROPERTY","/* wbsetclaim-create:2||1 */ [[Property:P2561]]: universe","2023-01-05 22:53:43+00","non_property_replacement","VGPaleontologist"
98,"107355586","1","Universe","label","-1","","label","""universe""","","{}","","string","DELETE","PROPERTY","/* wbsetlabel-remove:1|en */universe","2014-02-02 16:29:17+00","non_property_replacement",""
99,"107355586","1","Universe","label","-1","","label","""universe""",NULL,"{}",NULL,"string","DELETE","PROPERTY","/* wbsetlabel-remove:1|en */universe","2014-02-02 16:29:17+00","non_property_replacement",""
99,"312741107","1","Universe","Q1$E1198AC6-44C9-4862-80A8-A77304C12963","2612","","TED topic ID","{}","","""universe""","","string","CREATE","PROPERTY","/* wbcreateclaim-create:1| */ [[Property:P2612]]: universe, #quickstatements","2016-03-15 15:12:25+00","non_property_replacement","Pigsonthewing-bot"
99,"107355586","1","Universe","label","-1","","label","""universe""","","{}","","string","DELETE","PROPERTY","/* wbsetlabel-remove:1|en */universe","2014-02-02 16:29:17+00","non_property_replacement",""
100,"659606003","1","Universe","Q1$63ffdc0f-46ed-6d54-c855-cfa1121487f6","527","","has part(s)","{}","","""Q221392""","observable universe","wikibase-entityid","CREATE","PROPERTY_VALUE","/* wbsetclaim-create:2||1 */ [[Property:P527]]: [[Q221392]]","2018-04-01 19:21:51+00","property_replacement","V27t"
100,"659606028","1","Universe","Q1$94399f4e-44e4-6af1-bd0f-3641dd7e6b0e","2670","","has part(s) of the class","""Q28530079""","observable universe","{}","","wikibase-entityid","DELETE","PROPERTY_VALUE","/* wbremoveclaims-remove:1| */ [[Property:P2670]]: [[Q28530079]]","2018-04-01 19:21:55+00","property_replacement","V27t"
101,"701955037","1","Universe","label","-1","","label","""Universe""","","{}","","string","DELETE","PROPERTY","/* wbmergeitems-to:0||Q53758969 */ [[MediaWiki:Gadget-Merge.js|merge.js]]","2018-06-24 17:51:14+00","non_property_replacement","Cookingmonster123"
101,"22841963","1","Universe","q1$BD33C4D4-8E79-40FA-BB26-475CA5E732CE","373","","Commons category","{}","","""Universe""","","string","CREATE","PROPERTY","","2013-04-08 03:43:33+00","non_property_replacement","Dexbot"
102,"5804089","2","Earth","q2$564FEEFE-DD96-4156-867A-1E1611C87D0E","31","","instance of","{}","","""Q634""","planet","wikibase-entityid","CREATE","PROPERTY","","2013-02-05 03:16:19+00","non_property_replacement","Gareth"
102,"98345699","2","Earth","q2$9BD200E4-A1BE-4825-8D50-028D5A087B21","60","","astronomical object","""Q634""","planet","{}","","","DELETE","PROPERTY","/* wbremoveclaims-remove:1| */[[Property:P60]]: [[Q634]]","2014-01-04 16:34:56+00","non_property_replacement","Emw"
103,"62058079","3","life","q3$6937616b-402e-4531-3241-9491c3aaad57","461","","opposite of","{}","","""Q4""","death","wikibase-entityid","CREATE","PROPERTY","/* wbsetclaim-create:1||1 */ [[Property:P461]]: [[Q4]]","2013-07-28 21:44:53+00","non_property_replacement","Shadster"
103,"1941113020","3","life","Q3$173e66fc-46a3-4e0d-a9b1-8557f4741399","527","","has part(s)","""Q4""","death","{}","","wikibase-entityid","DELETE","PROPERTY_VALUE","/* wbremoveclaims-remove:1| */ [[Property:P527]]: [[Q4]]","2023-07-26 23:47:32+00","non_property_replacement","Harmonizator"
104,"11915402","4","death","q4$1EDC85E8-F488-4778-B91F-1A8DD78397B6","279","","subclass of","{}","","""Q937228""","property","wikibase-entityid","CREATE","PROPERTY","","2013-03-14 02:43:23+00","non_property_replacement","Emw"
104,"1007704799","4","death","Q4$9d34c155-455a-39da-1940-fde1f4f00434","31","","instance of","""Q937228""","property","{}","","wikibase-entityid","DELETE","PROPERTY_VALUE","/* wbremoveclaims-remove:1| */ [[Property:P31]]: [[Q937228]]","2019-09-03 20:23:08+00","non_property_replacement","Joshbaumgartner"
105,"750963054","5","human","Q5$22c24a20-4f45-bdc3-3ff4-872cd7c135f0","279","","subclass of","""Q171283""","Homo","{}","","","DELETE","PROPERTY","/* wbremoveclaims-remove:1| */ [[Property:P279]]: [[Q171283]]","2018-09-23 02:35:30+00","non_property_replacement","Dcflyer"
105,"5990599","5","human","q5$CEE043A5-275D-41F8-9D60-549B5E43F212","74","","genus","{}","","""Q171283""","Homo","wikibase-entityid","CREATE","PROPERTY","","2013-02-07 20:50:44+00","non_property_replacement","Soulkeeper"
106,"18402187","8","happiness","q8$D5D2F68B-765E-460D-94AD-DEB0C07BA57F","279","","subclass of","""Q331769""","mood","{}","","","DELETE","PROPERTY","","2013-04-02 04:41:34+00","non_property_replacement","Mattflaschen"
106,"18401599","8","happiness","q8$E2EFA381-BA5D-4F52-AF74-660B9A044C1E","31","","instance of","{}","","""Q331769""","mood","wikibase-entityid","CREATE","PROPERTY","","2013-04-02 04:40:16+00","non_property_replacement","Mattflaschen"
107,"11916940","13","triskaidekaphobia","q13$7CE5BC05-62A7-4ED5-A8B2-AB268C1A87E7","279","","subclass of","""Q175854""","phobia","{}","","","DELETE","PROPERTY","","2013-03-14 02:51:10+00","non_property_replacement","Emw"
107,"214716046","13","triskaidekaphobia","Q13$34b65769-4c29-5fa2-859c-a7c8425dce4b","31","","instance of","{}","","""Q175854""","phobia","wikibase-entityid","CREATE","PROPERTY","/* wbsetclaim-create:2||1 */ [[Property:P31]]: [[Q175854]]","2015-05-07 15:00:40+00","non_property_replacement","PAC2"
108,"31810559","15","Africa","q15$60f93cc4-4a85-f1a0-3584-d6043bd41b80","361","","part of","{}","","""Q2""","Earth","wikibase-entityid","CREATE","PROPERTY","","2013-04-27 19:11:50+00","non_property_replacement","Emw"
108,"581436495","15","Africa","Q15$43854182-46dd-3575-cda8-26531526b104","376","","located on astronomical body","""Q2""","Earth","{}","","","DELETE","PROPERTY","/* wbremoveclaims-remove:1| */ [[Property:P376]]: [[Q2]], #quickstatements","2017-10-19 15:47:51+00","non_property_replacement","McSearch"
109,"9986436","18","South America","q18$9F5AB377-6122-4811-ADAE-0ED7FBEE58EE","242","","locator map image","{}","","""South America (orthographic projection).svg""","","string","CREATE","PROPERTY","","2013-03-07 16:22:22+00","non_property_replacement","Danrok"
109,"1430376527","18","South America","Q18$b2ec85e4-471d-2701-73d9-d3eddb6e0fda","18","","image","""South America (orthographic projection).svg""","","{}","","string","DELETE","PROPERTY_VALUE","/* wbremoveclaims-remove:1| */ [[Property:P18]]: South America (orthographic projection).svg","2021-05-28 17:09:47+00","non_property_replacement","Gymnicus"
110,"1749408471","19","cheating","Q19$413ddbc1-42fe-0dc1-4e23-36868f41592c","1552","","has characteristic","{}","","""Q3796713""","immorality","wikibase-entityid","CREATE","PROPERTY","/* wbsetclaim-create:2||1 */ [[Property:P1552]]: [[Q3796713]]","2022-10-12 20:06:01+00","non_property_replacement","Swpb"
110,"1749408429","19","cheating","q19$FAB4B512-982C-46B0-ABFC-A9D596DAD4EB","279","","subclass of","""Q3796713""","immorality","{}","","wikibase-entityid","DELETE","PROPERTY_VALUE","/* wbremoveclaims-remove:1| */ [[Property:P279]]: [[Q3796713]]","2022-10-12 20:05:52+00","non_property_replacement","Swpb"
111,"5797203","20","Norway","q20$CB7CF181-7CB4-495D-883B-2AD6CFBD6872","36","","capital","{}","","""Q585""","Oslo","wikibase-entityid","CREATE","PROPERTY","","2013-02-04 23:20:07+00","non_property_replacement","Jeblad"
111,"2348932294","20","Norway","Q20$4D7DB100-B1DF-40F5-BBA8-A7F42206A3A5","13574","","‎most populous urban area","""Q585""","Oslo","{}","","","DELETE","PROPERTY","/* undo:0||2348931008|Swpb */ error ([[:toollabs:editgroups/b/EG/28dd926|details]])","2025-05-16 00:43:20+00","non_property_replacement","Swpb"
112,"6309923","23","George Washington","q23$2FD3D976-6D3D-4FC8-B703-7133377566CB","107","","Main type of item (entity)","{}","","""Q215627""","person","wikibase-entityid","CREATE","PROPERTY","","2013-02-11 23:00:58+00","property_replacement",""
112,"6309965","23","George Washington","q23$028C6593-6816-42BD-8761-E7218B460753","31","","instance of","""Q215627""","person","{}","","wikibase-entityid","DELETE","PROPERTY_VALUE","","2013-02-11 23:01:57+00","property_replacement",""
113,"8729393","24","Jack Bauer","q24$E6EFDE90-FE65-4AE8-B614-3619156FB1CF","107","","Main type of item (entity)","{}","","""Q215627""","person","wikibase-entityid","CREATE","PROPERTY","/* wbcreateclaim:1 */ p107","2013-03-02 18:40:53+00","non_property_replacement","Legoktm"
113,"12523971","24","Jack Bauer","q24$88D0EABD-F6FB-4F3D-B3C2-563DB65CDB8C","31","","instance of","""Q215627""","person","{}","","","DELETE","PROPERTY","","2013-03-16 00:24:55+00","non_property_replacement","Yuma"
114,"1227383336","25","Wales","Q25$7371A9EB-A08C-4EE2-92F5-18907B25C543","8408","","KBpedia ID","""Wales""","","{}","","","DELETE","PROPERTY","/* undo:0||1226976775|Mkbergman */ Incorrect use of qualifiers ([[:toollabs:editgroups/b/EG/809d444|details]])","2020-07-08 19:27:11+00","non_property_replacement","Epìdosis"
114,"189","25","Wales","label","-1","","label","{}","","""Wales""","","string","CREATE","PROPERTY","/* wbsetlabel-set:1|en */ Wales","2012-10-29 19:46:45+00","non_property_replacement","Reedy"
115,"6822001","26","Northern Ireland","q26$852B8F49-196A-45BE-8C26-2837E2A58892","17","","country","{}","","""Q145""","United Kingdom","wikibase-entityid","CREATE","PROPERTY","","2013-02-17 21:51:42+00","non_property_replacement","Thayts"
115,"142392611","26","Northern Ireland","q26$B0288EF9-B105-4697-864C-7C3529ED290B","131","","located in the administrative territorial entity","""Q145""","United Kingdom","{}","","","DELETE","PROPERTY","/* wbremoveclaims-remove:1| */ [[Property:P131]]: [[Q145]]","2014-07-04 00:51:50+00","non_property_replacement",""
116,"2231320362","27","Ireland","Q27$6b796c1d-4787-d506-397e-7485ffeb8ee1","1448","","official name","""Republic of Ireland""","","{}","","monolingualtext","DELETE","PROPERTY_VALUE","/* wbremoveclaims-remove:1| */ [[Property:P1448]]: Republic of Ireland","2024-08-19 11:42:51+00","non_property_replacement","Cashew.wheel"
116,"193","27","Ireland","label","-1","","label","{}","","""Republic of Ireland""","","string","CREATE","PROPERTY","/* wbsetlabel-set:1|en */ Republic of Ireland","2012-10-29 19:47:03+00","non_property_replacement","Reedy"
117,"1657960681","29","Spain","Q29$70624FB3-434D-4266-8DCD-F58DF6EA8234","18","","image","""Flag of Spain.svg""","","{}","","","DELETE","PROPERTY","/* wbremoveclaims-remove:1| */ [[Property:P18]]: Flag of Spain.svg, [[:toollabs:quickstatements/#/batch/88876|batch #88876]]","2022-06-10 21:30:02+00","non_property_replacement","Kr.angelov"
117,"5798505","29","Spain","q29$BF368E9B-BE16-4610-9B1C-99366181D7F3","41","","flag image","{}","","""Flag of Spain.svg""","","string","CREATE","PROPERTY","","2013-02-04 23:59:20+00","non_property_replacement","MichaelSchoenitzer"
118,"46090051","30","United States","q30$14c52ecf-4b9e-083b-86c8-86029c334d99","6","","head of government","{}","","""Q76""","President Obama","wikibase-entityid","CREATE","PROPERTY","properties are being merged","2013-05-24 20:20:15+00","property_replacement","Sven Manguard"
118,"46090051","30","United States","q30$D3AF9C01-BB52-4248-B4C1-780411862D7D","46","","head of national government","""Q76""","President Obama","{}","","","DELETE","PROPERTY","properties are being merged","2013-05-24 20:20:15+00","property_replacement","Sven Manguard"
119,"5843468","31","Belgium","q31$3B0E9CC5-A615-48E6-9A47-7C016D5627F1","47","","shares border with","{}","","""Q32""","Luxembourg","wikibase-entityid","CREATE","PROPERTY_VALUE","","2013-02-05 22:53:19+00","non_property_replacement","MarrickLip"
119,"227573024","31","Belgium","Q31$04B22B86-D468-4440-8479-E400EB774794","530","","diplomatic relation","""Q32""","Luxembourg","{}","","","DELETE","PROPERTY","Reverted edits by [[Special:Contributions/Jura1|Jura1]] ([[User talk:Jura1|talk]]) to last revision by [[User:JWbot|JWbot]]","2015-07-08 16:07:18+00","non_property_replacement","Jura1"
120,"5792728","33","Finland","q33$A327D21E-49D5-47CC-8C95-0C6561A132BA","37","","official language","{}","","""Q1412""","Finnish","wikibase-entityid","CREATE","PROPERTY","","2013-02-04 21:43:40+00","non_property_replacement","JoonaZZ"
120,"1158688446","33","Finland","Q33$2AA60D2C-EA92-4CB3-B4CD-41FEC601718D","2936","","language used","""Q1412""","Finnish","{}","","wikibase-entityid","DELETE","PROPERTY_VALUE","/* wbremoveclaims-remove:1| */ [[Property:P2936]]: [[Q1412]]","2020-04-16 08:31:34+00","non_property_replacement","Susannaanas"
121,"5854733","34","Sweden","q34$C27871D8-197D-4F5F-86CE-938B024D6D3B","36","","capital","{}","","""Q1754""","Stockholm","wikibase-entityid","CREATE","PROPERTY","","2013-02-06 00:55:53+00","non_property_replacement","Delusion23"
121,"2348932127","34","Sweden","Q34$FAE01A9D-7CF9-4252-B4B9-B58CB53A7FED","13574","","‎most populous urban area","""Q1754""","Stockholm","{}","","","DELETE","PROPERTY","/* undo:0||2348931243|Swpb */ error ([[:toollabs:editgroups/b/EG/28dd926|details]])","2025-05-16 00:42:17+00","non_property_replacement","Swpb"
122,"5950123","35","Denmark","q35$03139EE4-FFDF-4C41-9CEC-1373AB769D87","30","","continent","{}","","""Q46""","Europe","wikibase-entityid","CREATE","PROPERTY","","2013-02-07 05:46:50+00","non_property_replacement","MarrickLip"
122,"693016540","35","Denmark","Q35$4dc163f0-44fb-9a26-38a0-596c0fff9005","361","","part of","""Q46""","Europe","{}","","","DELETE","PROPERTY","/* wbremoveclaims-remove:1| */ [[Property:P361]]: [[Q46]]","2018-06-09 18:56:05+00","non_property_replacement","Nvrandow"
123,"13725746","36","Poland","q36$EDB83166-F2A9-41C8-B570-C7284BAC7084","132","","type of administrative division","""Q6256""","country","{}","","","DELETE","PROPERTY","","2013-03-20 10:07:06+00","non_property_replacement","DixonD"
123,"5796159","36","Poland","q36$7F76F2CA-DE62-4085-A033-076CD99D0221","31","","instance of","{}","","""Q6256""","country","wikibase-entityid","CREATE","PROPERTY","","2013-02-04 22:55:31+00","non_property_replacement","Napoleon.tan"
124,"238913057","37","Lithuania","Q37$c5d3e592-4c72-c258-c89a-83a3593a5723","1412","","languages spoken, written or signed","""Q9083""","Lithuanian","{}","","","DELETE","PROPERTY","Restored revision 227580960 by [[Special:Contributions/Jura1|Jura1]] – 1. P1412 is only for persons; 2. use P143:Q328 instead of P854 with enwiki URL","2015-08-05 16:45:26+00","non_property_replacement","Galaktos"
124,"5811560","37","Lithuania","q37$ED07E8B9-9877-43C7-AAAB-3B40C3BC659C","37","","official language","{}","","""Q9083""","Lithuanian","wikibase-entityid","CREATE","PROPERTY","","2013-02-05 07:00:42+00","non_property_replacement","Stryn"
125,"2348932476","38","Italy","Q38$42D7782B-DBC7-4CA8-BC4F-EF7E861548A0","13574","","‎most populous urban area","""Q220""","Rome","{}","","","DELETE","PROPERTY","/* undo:0||2348930874|Swpb */ error ([[:toollabs:editgroups/b/EG/28dd926|details]])","2025-05-16 00:44:19+00","non_property_replacement","Swpb"
125,"5794375","38","Italy","q38$D5EB0888-3275-4B9F-A371-ED66DA7CAAB2","36","","capital","{}","","""Q220""","Rome","wikibase-entityid","CREATE","PROPERTY","","2013-02-04 22:20:23+00","non_property_replacement","Vennor"
126,"227572606","39","Switzerland","Q39$FFE78785-86FD-4EF0-B6A7-D86E0E679408","530","","diplomatic relation","""Q38""","Italy","{}","","","DELETE","PROPERTY","Reverted edits by [[Special:Contributions/Jura1|Jura1]] ([[User talk:Jura1|talk]]) to last revision by [[User:Pikolas|Pikolas]]","2015-07-08 16:06:08+00","non_property_replacement","Jura1"
126,"5801388","39","Switzerland","q39$DC846BE4-915B-45D1-836E-8ABC25C26C6A","47","","shares border with","{}","","""Q38""","Italy","wikibase-entityid","CREATE","PROPERTY","","2013-02-05 01:48:12+00","non_property_replacement","Delusion23"
127,"5794332","40","Austria","q40$0C7F7D04-1C24-40B4-9668-5C9D4CF01906","41","","flag image","{}","","""Flag of Austria.svg""","","string","CREATE","PROPERTY","","2013-02-04 22:19:23+00","non_property_replacement","MichaelSchoenitzer"
127,"1657943975","40","Austria","Q40$FFEE77AA-80B8-432C-85E7-8BE053A80EB1","18","","image","""Flag of Austria.svg""","","{}","","","DELETE","PROPERTY","/* wbremoveclaims-remove:1| */ [[Property:P18]]: Flag of Austria.svg, [[:toollabs:quickstatements/#/batch/88876|batch #88876]]","2022-06-10 20:43:18+00","non_property_replacement","Kr.angelov"
128,"2348932541","41","Greece","Q41$E3BB7BDE-C99B-483D-8A19-B0A67D75D589","13574","","‎most populous urban area","""Q1524""","Athens","{}","","","DELETE","PROPERTY","/* undo:0||2348930794|Swpb */ error ([[:toollabs:editgroups/b/EG/28dd926|details]])","2025-05-16 00:44:56+00","non_property_replacement","Swpb"
128,"5828318","41","Greece","q41$E6C6BEA5-EAFC-4AE3-950C-2FE16E11F910","36","","capital","{}","","""Q1524""","Athens","wikibase-entityid","CREATE","PROPERTY","","2013-02-05 20:10:22+00","non_property_replacement","Geraki"
129,"185552111","42","Douglas Adams","Q42$FA73986E-3D1D-4CAB-B358-424B58544620","800","","notable work","""Q25169""","The Hitchhiker's Guide to the Galaxy","{}","","","DELETE","PROPERTY","/* wbeditentity-update:0| */ API Test, were the tests can be done?","2015-01-02 12:31:57+00","non_property_replacement","Mjbmr"
129,"6562305","42","Douglas Adams","q42$686349A0-485C-46A1-A67D-4DB4BEA64AC2","50","","author","{}","","""Q25169""","The Hitchhiker's Guide to the Galaxy","wikibase-entityid","CREATE","PROPERTY","","2013-02-15 05:07:10+00","non_property_replacement","Legoktm"
130,"6126554","43","Turkey","q43$DFEC9A1A-A5CC-46F7-A442-3924D5D60A05","47","","shares border with","{}","","""Q227""","Azerbaijan","wikibase-entityid","CREATE","PROPERTY_VALUE","","2013-02-09 14:10:38+00","non_property_replacement","Чаховіч Уладзіслаў"
130,"1972791996","43","Turkey","Q43$c71e83e3-478d-87a1-8694-06c434c2a01a","530","","diplomatic relation","""Q227""","Azerbaijan","{}","","wikibase-entityid","DELETE","PROPERTY_VALUE","/* wbeditentity-update-languages-and-other-short:0||tly */ add missing labels; cleanup","2023-09-12 03:44:56+00","non_property_replacement","MatSuBot"
131,"24763053","44","beer","q44$4277BC82-8030-4FE1-9F4C-CA4D1E3A768C","279","","subclass of","{}","","""Q154""","alcoholic beverage","wikibase-entityid","CREATE","PROPERTY","","2013-04-13 05:23:23+00","non_property_replacement","Andreasmperu"
131,"124309931","44","beer","Q44$ac73d145-4573-085b-2412-1ab7355b553f","31","","instance of","""Q154""","alcoholic beverage","{}","","","DELETE","PROPERTY","/* wbremoveclaims-remove:1| */ [[Property:P31]]: [[Q154]]","2014-05-01 14:01:44+00","non_property_replacement","Zolo"
132,"1657957950","45","Portugal","Q45$5CE10796-7737-47D2-A87A-AFDB23D506FC","18","","image","""Flag of Portugal.svg""","","{}","","","DELETE","PROPERTY","/* wbremoveclaims-remove:1| */ [[Property:P18]]: Flag of Portugal.svg, [[:toollabs:quickstatements/#/batch/88876|batch #88876]]","2022-06-10 21:23:04+00","non_property_replacement","Kr.angelov"
132,"5817705","45","Portugal","q45$B5F23A74-FECA-4EAD-8AD0-F729683C7800","41","","flag image","{}","","""Flag of Portugal.svg""","","string","CREATE","PROPERTY","","2013-02-05 12:11:21+00","non_property_replacement","MichaelSchoenitzer"
133,"1498558471","46","Europe","Q46$4971afea-455f-bd13-b5ee-a3dcc0588833","1889","","different from","""Q165170""","Europa","{}","","wikibase-entityid","DELETE","PROPERTY_VALUE","/* wbremoveclaims-remove:1| */ [[Property:P1889]]: [[Q165170]]","2021-09-16 19:11:23+00","non_property_replacement","Gymnicus"
133,"7762935","46","Europe","q46$1366425A-D2B7-4521-93D9-8CCD4CDDFB7A","138","","named after","{}","","""Q165170""","Europa","wikibase-entityid","CREATE","PROPERTY","/* wbcreateclaim:1 */ p138","2013-02-26 03:40:16+00","non_property_replacement","Ssolbergj"
134,"1079755800","48","Asia","Q48$3c8d42ae-4980-48e2-af78-c1227dbded2d","376","","located on astronomical body","""Q2""","Earth","{}","","","DELETE","PROPERTY","/* wbremoveclaims-remove:1| */ [[Property:P376]]: [[Q2]], #quickstatements; #temporary_batch_1576769028710","2019-12-19 15:24:03+00","non_property_replacement","VIGNERON"
134,"31809579","48","Asia","q48$9f397297-468a-a8c7-6fe4-ab5748fed6ef","361","","part of","{}","","""Q2""","Earth","wikibase-entityid","CREATE","PROPERTY","","2013-04-27 19:09:33+00","non_property_replacement","Emw"
135,"12580654","49","North America","q49$A32C98DC-ECE7-43BF-A219-B6FA1D4B4367","47","","shares border with","{}","","""Q18""","South America","wikibase-entityid","CREATE","PROPERTY","","2013-03-16 03:58:21+00","non_property_replacement","Goldzahn"
135,"49351551","49","North America","q49$7140f757-44a6-3e6b-a3fe-02f6d47e6f32","596","","cardinal direction","""Q18""","South America","{}","","","DELETE","PROPERTY","/* wbremoveclaims-remove:1||1 */ [[Property:P596]]: [[Q18]]","2013-06-03 07:56:52+00","non_property_replacement","Tobias1984"
136,"581436623","51","Antarctica","Q51$c60cc997-43a3-7c5d-a3a9-166731b46708","376","","located on astronomical body","""Q2""","Earth","{}","","","DELETE","PROPERTY","/* wbremoveclaims-remove:1| */ [[Property:P376]]: [[Q2]], #quickstatements","2017-10-19 15:48:04+00","non_property_replacement","McSearch"
136,"11993789","51","Antarctica","q51$7E1C5AEB-C24B-4C14-AAD4-2FE0265BF79B","131","","located in the administrative territorial entity","{}","","""Q2""","Earth","wikibase-entityid","CREATE","PROPERTY","","2013-03-14 13:24:05+00","non_property_replacement","Gloumouth1"
137,"108081232","53","Club-Mate","q53$e5aa210f-44f2-f1e8-5d25-f0dec50533d6","580","","start time","""+1924-01-01T00:00:00Z""","","{}","","","DELETE","PROPERTY","/* wbremoveclaims-remove:1| */[[Property:P580]]: 1924","2014-02-07 00:46:21+00","property_replacement","Laddo"
137,"108081220","53","Club-Mate","Q53$ca6698a1-44e8-a908-dff5-fa4e5768e633","571","","inception","","","""+1924-01-01T00:00:00Z""","","time","CREATE","PROPERTY","/* wbsetclaim-create:1||1 */[[Property:P571]]: 1924","2014-02-07 00:46:15+00","property_replacement","Laddo"
138,"2348932366","55","Netherlands","Q55$0F79AA32-EFDE-4292-AC7C-3397361EF2BF","13574","","‎most populous urban area","""Q727""","Amsterdam","{}","","","DELETE","PROPERTY","/* undo:0||2348930990|Swpb */ error ([[:toollabs:editgroups/b/EG/28dd926|details]])","2025-05-16 00:43:35+00","non_property_replacement","Swpb"
138,"5824145","55","Netherlands","q55$21D1461E-8C6C-4786-A611-FD300E185C6C","36","","capital","{}","","""Q727""","Amsterdam","wikibase-entityid","CREATE","PROPERTY","","2013-02-05 17:19:10+00","non_property_replacement","Wiki13"
139,"22772542","57","Never Gonna Give You Up","q57$98FA2FC4-FB3B-42A6-BB7A-E2F217674E21","31","","instance of","{}","","""Q134556""","single","wikibase-entityid","CREATE","PROPERTY","","2013-04-08 02:27:16+00","non_property_replacement","Dexbot"
139,"1530182999","57","Never Gonna Give You Up","Q57$DC54D61B-7610-4D42-BDF1-147B162EA0F0","7937","","form of creative work","""Q134556""","single","{}","","wikibase-entityid","DELETE","PROPERTY_VALUE","/* wbremoveclaims-remove:1| */ [[Property:P7937]]: [[Q134556]]","2021-11-18 22:19:45+00","non_property_replacement","Moebeus"
140,"501823798","59","PHP","Q59$CB543E1D-6901-4ADA-8B7D-49C804A5FD93","18","","image","""PHP-logo.svg""","","{}","","","DELETE","PROPERTY","/* wbremoveclaims-remove:1| */ [[Property:P18]]: PHP-logo.svg","2017-06-16 22:54:05+00","non_property_replacement","Kette~cawiki"
140,"89115241","59","PHP","Q59$2a4aefbd-4343-710f-1bc9-41fe2926da94","154","","logo image","{}","","""PHP-logo.svg""","","string","CREATE","PROPERTY","/* wbsetclaim-create:1||1 */[[Property:P154]]: PHP-logo.svg","2013-11-24 14:29:50+00","non_property_replacement","Kky"
141,"5790058","61","Washington, D.C.","q61$6CFDBB52-A7CE-4508-B97C-D141F1EF652F","17","","country","{}","","""Q30""","United States","wikibase-entityid","CREATE","PROPERTY","","2013-02-04 19:54:52+00","non_property_replacement","Aude"
141,"9210843","61","Washington, D.C.","q61$24D763E6-1874-4AF4-99D8-8378A2E78320","27","","country of citizenship","""Q30""","United States","{}","","","DELETE","PROPERTY","/* wbremoveclaims:1 */","2013-03-04 03:01:43+00","non_property_replacement","Jon Harald Søby"
142,"5966881","64","Berlin","q64$25A421CA-14DF-463C-ACAD-F1199ADFACE7","17","","country","{}","","""Q183""","Germany","wikibase-entityid","CREATE","PROPERTY","","2013-02-07 12:02:59+00","property_replacement","Santga"
142,"5966861","64","Berlin","q64$6386E2F7-C8A0-4A81-AE91-C0895CAF2078","36","","capital","""Q183""","Germany","{}","","","DELETE","PROPERTY","","2013-02-07 12:02:39+00","property_replacement","Santga"
143,"715049430","64","Berlin","q64$25A421CA-14DF-463C-ACAD-F1199ADFACE7","17","","country","""Q183""","Germany","{}","","wikibase-entityid","DELETE","PROPERTY_VALUE","/* wbeditentity-update:0| */ via [[:w:ru:ВП:WE-F|WE-Framework gadget]] from ruwiki","2018-07-24 15:38:09+00","non_property_replacement","Vlsergey-at-work"
143,"5800945","64","Berlin","q64$6386E2F7-C8A0-4A81-AE91-C0895CAF2078","36","","capital","{}","","""Q183""","Germany","wikibase-entityid","CREATE","PROPERTY","","2013-02-05 01:33:55+00","non_property_replacement","Goldzahn"
144,"7611646","65","Los Angeles","q65$65DA4A8B-70AE-4E7C-B732-A0AD8EEF5D1E","131","","located in the administrative territorial entity","{}","","""Q99""","California","wikibase-entityid","CREATE","PROPERTY","/* wbcreateclaim:1 */ p131","2013-02-24 17:37:24+00","property_replacement","Magnus Manske"
144,"7611653","65","Los Angeles","q65$7CBC79F7-93AF-48A0-8E01-564C672A3689","11","","state","""Q99""","California","{}","","","DELETE","PROPERTY","/* wbremoveclaims:1 */","2013-02-24 17:37:26+00","property_replacement","Magnus Manske"
145,"205194959","66","Boeing","q66$54de2b5c-4ad2-100c-b335-fad7f1815510","138","","named after","""Q214826""","William Boeing","{}","","","DELETE","PROPERTY","/* wbmergeitems-to:0||Q99 */","2015-03-20 13:10:20+00","non_property_replacement","Lucie Kaffee (WMDE)"
145,"8705769","66","Boeing","q66$FDF2CF78-FD0E-46F5-B9F2-9C81806B0499","112","","founded by","{}","","""Q214826""","William Boeing","wikibase-entityid","CREATE","PROPERTY","/* wbcreateclaim:1 */ p112","2013-03-02 16:45:57+00","non_property_replacement","Danrok"
146,"74497646","68","computer","q68$67B4ED4D-082F-4815-A3D6-D76849584FE2","373","","Commons category","""Computers""","","{}","","","DELETE","PROPERTY","/* wbremoveclaims-remove:1| */[[Property:P373]]: Computers","2013-10-05 10:28:31+00","non_property_replacement",""
146,"1549147292","68","computer","Q68$ccf62302-49e7-c6ca-3f5b-4fac6126cede","8539","","ERIC Thesaurus ID","{}","","""Computers""","","string","CREATE","PROPERTY","/* wbsetclaim-create:2||1 */ [[Property:P8539]]: Computers","2021-12-24 01:26:39+00","non_property_replacement","Dcflyer"
147,"332","69","Courrendlin","label","-1","","label","{}","","""Courrendlin""","","string","CREATE","PROPERTY","/* wbsetlabel-set:1|en */ Courrendlin","2012-10-29 21:05:25+00","non_property_replacement","Snipre"
147,"434029034","69","Courrendlin","Q69$BAE24CED-5FB6-4188-9736-7E2044FAF136","1448","","official name","""Courrendlin""","","{}","","","DELETE","PROPERTY","/* wbremoveclaims-remove:1| */ [[Property:P1448]]: Courrendlin, #petscan","2017-01-21 16:30:27+00","non_property_replacement","Jura1"
148,"313","70","Bern","label","-1","","label","{}","","""Bern""","","string","CREATE","PROPERTY","/* wbsetlabel-set:1|en */ Bern","2012-10-29 20:55:15+00","non_property_replacement","Snipre"
148,"1570578131","70","Bern","Q70$12e9150c-4aba-ce71-9e76-eb8cc3534024","1448","","official name","""Bern""","","{}","","monolingualtext","DELETE","PROPERTY_VALUE","/* wbremoveclaims-remove:1| */ [[Property:P1448]]: Bern","2022-01-30 20:46:33+00","non_property_replacement","Lœnidra"
149,"7292245","72","Zurich","q72$BB8B15A4-573B-4086-B1BA-F4FC86B9B4A1","17","","country","{}","","""Q39""","Switzerland","wikibase-entityid","CREATE","PROPERTY","/* wbcreateclaim:1 */ p17","2013-02-21 21:38:59+00","non_property_replacement","Nowic"
149,"67512579","72","Zurich","q72$3ffa3d25-41cb-e490-7dd7-d1ccb1f39722","131","","located in the administrative territorial entity","""Q39""","Switzerland","{}","","wikibase-entityid","DELETE","PROPERTY_VALUE","/* wbremoveclaims-remove:1| */[[Property:P131]]: [[Q39]]","2013-08-29 09:41:23+00","non_property_replacement","A.Bernhard"
150,"618617074","76","Barack Obama","Q76$B4816678-D2B6-4329-9A9B-1003194F40B4","463","","member of","""Q30""","United States","{}","","","DELETE","PROPERTY","/* undo:0||618616995|Vvekbv */","2018-01-10 22:42:30+00","non_property_replacement","Vvekbv"
150,"5792564","76","Barack Obama","q76$A779375B-8B6E-45F5-9E1C-E56225F19C79","27","","country of citizenship","{}","","""Q30""","United States","wikibase-entityid","CREATE","PROPERTY","","2013-02-04 21:37:01+00","non_property_replacement","Tamzin"
151,"1243919543","78","Basel","Q78$8319e1ae-400b-0af9-b212-0326d93e7eb2","1889","","different from","""Q12172""","Canton of Basel-Stadt","{}","","wikibase-entityid","DELETE","PROPERTY_VALUE","/* wbremoveclaims-remove:1| */ [[Property:P1889]]: [[Q12172]]","2020-08-01 10:23:57+00","non_property_replacement","VauTee"
151,"8578884","78","Basel","q78$48A90192-1808-4F33-A91F-A5CA3F1D289E","131","","located in the administrative territorial entity","{}","","""Q12172""","Canton of Basel-Stadt","wikibase-entityid","CREATE","PROPERTY","/* wbcreateclaim:1 */ p131","2013-03-02 07:47:34+00","non_property_replacement","Docu"
152,"197609209","82","printer","Q82$1272A116-AADC-46FD-89E2-620C8007D0FE","31","","instance of","""Q11019""","machine","{}","","","DELETE","PROPERTY","/* wbremoveclaims-remove:1| */ [[Property:P31]]: [[Q11019]]","2015-02-18 21:12:58+00","non_property_replacement","Nk"
152,"85767508","82","printer","Q82$a33b33c3-4980-67a6-4077-bc3e0bcbd5b9","279","","subclass of","{}","","""Q11019""","machine","wikibase-entityid","CREATE","PROPERTY","/* wbsetclaim-create:1||1 */[[Property:P279]]: [[Q11019]]","2013-11-12 06:19:14+00","non_property_replacement","金亦天"
153,"32986299","83","MediaWiki","q83$AA758C6F-919C-4EBB-BA06-DF7D9298CB7A","373","","Commons category","{}","","""MediaWiki""","","string","CREATE","PROPERTY","/* wbcreateclaim-create:2| */ [[Property:P373]], MediaWiki","2013-04-30 19:52:15+00","non_property_replacement","BotMultichill"
153,"289664119","83","MediaWiki","Q83$E2D90D1E-9A2B-4E91-9A9D-89D68B59952F","935","","Commons gallery","""MediaWiki""","","{}","","","DELETE","PROPERTY","/* wbremoveclaims-remove:1| */ [[Property:P935]]: MediaWiki","2016-01-08 16:40:20+00","non_property_replacement",""
154,"102539370","86","headache","Q86$3563832d-4f71-31c7-713e-80e6cf11b89c","279","","subclass of","{}","","""Q81938""","pain","wikibase-entityid","CREATE","PROPERTY_VALUE","/* wbsetclaim-create:1||1 */[[Property:P279]]: [[Q81938]]","2014-01-16 08:46:55+00","non_property_replacement","Infovarius"
154,"179395406","86","headache","Q86$ACDA482C-57A5-48D6-8E64-0AD8734D0400","31","","instance of","""Q81938""","pain","{}","","","DELETE","PROPERTY","Undid revision 179313414 by [[Special:Contributions/Yamaha5|Yamaha5]] ([[User talk:Yamaha5|talk]])","2014-12-07 16:54:53+00","non_property_replacement","Emw"
155,"625430853","89","apple","Q89$bfadf004-4cb5-a7e6-3299-2f0f178ccd0d","279","","subclass of","""Q3314483""","fruit","{}","","wikibase-entityid","DELETE","PROPERTY_VALUE","/* wbremoveclaims-remove:1| */ [[Property:P279]]: [[Q3314483]]","2018-02-01 10:24:34+00","non_property_replacement","Jheald"
155,"5908825","89","apple","q89$88F7F466-B6B6-47A5-8EC8-5E26C5697A5A","31","","instance of","{}","","""Q3314483""","fruit","wikibase-entityid","CREATE","PROPERTY","","2013-02-06 16:00:40+00","non_property_replacement","Ske"
156,"2199484895","90","Paris","Q90$642E2652-8F1B-4AF8-A1A3-36E3BE8A28DB","7818","","French Vikidia ID","""Paris""","","{}","","","DELETE","PROPERTY","/* wbremoveclaims-remove:1| */ [[Property:P7818]]: Paris (Property P7818 not found, cannot determine the data type to use.), [[:toollabs:quickstatements/#/batch/234070|batch #234070]]","2024-07-09 16:00:50+00","non_property_replacement","Ameisenigel"
156,"452","90","Paris","label","-1","","label","{}","","""Paris""","","string","CREATE","PROPERTY","/* wbsetlabel-set:1|en */ Paris","2012-10-29 21:42:45+00","non_property_replacement","Reedy"
157,"6171325","91","Abraham Lincoln","q91$9482D2E3-34F9-4058-BF94-B14DF462D971","31","","instance of","{}","","""Q11696""","President of the United States","wikibase-entityid","CREATE","PROPERTY","","2013-02-10 03:39:51+00","non_property_replacement","Remember"
157,"193290629","91","Abraham Lincoln","q91$EE428598-BCD5-4D80-BF24-4C5E27868AC8","39","","position held","""Q11696""","President of the United States","{}","","wikibase-entityid","DELETE","PROPERTY_VALUE","/* wbremoveclaims-remove:1| */ [[Property:P39]]: [[Q11696]]","2015-02-03 20:51:59+00","non_property_replacement","Aude"
158,"5796152","94","Android","q94$C81B72C7-811B-4837-B7E3-69DFD46DA4FC","31","","instance of","{}","","""Q9135""","operating system","wikibase-entityid","CREATE","PROPERTY","","2013-02-04 22:55:23+00","non_property_replacement","Daranz"
158,"2284325221","94","Android","Q94$5eb6582b-4a1c-a5d0-ee99-6b36b9d3cdc8","279","","subclass of","""Q9135""","operating system","{}","","","DELETE","PROPERTY","/* wbremoveclaims-remove:1| */ [[Property:P279]]: [[Q9135]]","2024-12-07 05:39:09+00","non_property_replacement","EnterYourUsername24"
159,"6782668","95","Google","q95$0535C81A-1CA8-4B8F-AEFA-C9D58E1EF7C8","112","","founded by","{}","","""Q4934""","Larry Page","wikibase-entityid","CREATE","PROPERTY","","2013-02-17 13:01:36+00","non_property_replacement","Wylve"
159,"319343337","95","Google","q95$E91DD8D6-07D3-4652-8A16-B1942D3CE7C7","169","","chief executive officer","""Q4934""","Larry Page","{}","","wikibase-entityid","DELETE","PROPERTY_VALUE","/* wbremoveclaims-remove:1| */ [[Property:P169]]: [[Q4934]]","2016-04-06 22:02:33+00","non_property_replacement",""
160,"2348932379","96","Mexico","Q96$12D10E26-A08F-446C-B550-F6CD46D2349C","13574","","‎most populous urban area","""Q1489""","Mexico City","{}","","","DELETE","PROPERTY","/* undo:0||2348930981|Swpb */ error ([[:toollabs:editgroups/b/EG/28dd926|details]])","2025-05-16 00:43:45+00","non_property_replacement","Swpb"
160,"5799502","96","Mexico","q96$4F416360-22E5-4453-9698-B8239BC31DA9","36","","capital","{}","","""Q1489""","Mexico City","wikibase-entityid","CREATE","PROPERTY","","2013-02-05 00:35:50+00","non_property_replacement","Delusion23"
161,"5791041","99","California","q99$FB2C1F7F-5397-4AFA-AE0B-F57EAD7831D0","17","","country","{}","","""Q30""","United States","wikibase-entityid","CREATE","PROPERTY","","2013-02-04 20:34:33+00","non_property_replacement","Ymblanter"
161,"50424111","99","California","q99$7E61EF0D-CEEB-41DB-BB90-662EEAF07305","131","","located in the administrative territorial entity","""Q30""","United States","{}","","","DELETE","PROPERTY","/* wbremoveclaims-remove:1||1 */ [[Property:P131]]: [[Q30]]","2013-06-13 17:32:53+00","non_property_replacement","TCN7JM"
162,"568","105","Monday","label","-1","","label","{}","","""Monday""","","string","CREATE","PROPERTY","/* wbsetlabel-set:1|en */ Monday","2012-10-29 22:01:48+00","non_property_replacement","Reedy"
162,"290419671","105","Monday","Q105$79DC4B99-B644-41FB-A4FD-78BDEC18BD88","935","","Commons gallery","""Monday""","","{}","","","DELETE","PROPERTY","/* wbremoveclaims-remove:1| */ [[Property:P935]]: Monday, несуществующий файл / missing file","2016-01-10 09:16:19+00","non_property_replacement","KrBot"
163,"2009425637","107","space","Q107$bf3c54ce-421a-21fa-b37b-d0e3b44b4aa1","1557","","manifestation of","""Q133327""","spacetime","{}","","","DELETE","PROPERTY","/* wbremoveclaims-remove:1| */ [[Property:P1557]]: [[Q133327]]","2023-11-12 04:20:36+00","non_property_replacement","Fgnievinski"
163,"80785753","107","space","Q107$1878ba2d-4457-f347-c738-a013f14eb8e5","361","","part of","{}","","""Q133327""","spacetime","wikibase-entityid","CREATE","PROPERTY","/* wbsetclaim-create:1||1 */[[Property:P361]]: [[Q133327]]","2013-10-23 01:27:42+00","non_property_replacement","朝彦"
164,"1787201063","113","Schulze method","Q113$b76cc819-44e3-a991-a170-7a9533b33ad5","279","","subclass of","""Q868720""","Condorcet method","{}","","","DELETE","PROPERTY","/* wbremoveclaims-remove:1| */ [[Property:P279]]: [[Q868720]]","2022-12-09 20:20:28+00","non_property_replacement","Waldyrious"
164,"224460706","113","Schulze method","Q113$335f7877-4a4d-c4aa-f26a-3865ce696cc8","31","","instance of","{}","","""Q868720""","Condorcet method","wikibase-entityid","CREATE","PROPERTY_VALUE","/* wbsetclaim-create:2||1 */ [[Property:P31]]: [[Q868720]]","2015-06-27 21:56:17+00","non_property_replacement","SamB"
165,"703373609","114","Kenya","Q114$f74c1772-4c4a-f956-ccfd-d4a029357235","361","","part of","""Q15""","Africa","{}","","","DELETE","PROPERTY","/* wbremoveclaims-remove:1| */ [[Property:P361]]: [[Q15]], #quickstatements; [[:toollabs:quickstatements/#mode=batch&batch=2940|batch #2940]] by [[User:Matěj Suchánek|]]","2018-06-27 12:47:04+00","non_property_replacement","QuickStatementsBot"
165,"6021235","114","Kenya","q114$B6F7FA84-E5DC-4041-94C5-D70400576D13","30","","continent","{}","","""Q15""","Africa","wikibase-entityid","CREATE","PROPERTY","","2013-02-08 06:05:48+00","non_property_replacement","Romaine"
166,"30153631","116","monarch","q116$d9575427-4fdf-5b1c-e558-72361cbbd40a","279","","subclass of","{}","","""Q48352""","head of state","wikibase-entityid","CREATE","PROPERTY","","2013-04-23 20:22:09+00","non_property_replacement","Deevayy"
166,"2351012667","116","monarch","Q116$f0a28c2c-4235-4d24-bfc5-e04e063e673b","39","","position held","""Q48352""","head of state","{}","","","DELETE","PROPERTY","/* wbremoveclaims-remove:1| */ [[Property:P39]]: [[Q48352]]","2025-05-21 22:07:43+00","non_property_replacement","GrandEscogriffe"
167,"42278924","4536","Matchstick Men","q4536$a54de49d-4add-9e19-234e-3e899141f84c","482","","support actor/actress","""Q2240987""","Fran Kranz","{}","","wikibase-entityid","DELETE","PROPERTY_VALUE","/* wbremoveclaims-remove:1||1 */ [[Property:P482]]: [[Q2240987]]","2013-05-14 23:16:04+00","property_replacement","Sven Manguard"
167,"42278903","4536","Matchstick Men","q4536$d3e76dea-4877-07b0-684a-673a3ae5862c","161","","cast member","{}","","""Q2240987""","Fran Kranz","wikibase-entityid","CREATE","PROPERTY_VALUE","/* wbsetclaim-create:1||1 */ [[Property:P161]]: [[Q2240987]]","2013-05-14 23:16:00+00","property_replacement","Sven Manguard"
